{
  "ticker": "BTCUSDT",
  "interval": "15m",
  "days": 30,
  "train_frac": 0.8,
  "lot_size": 0.001,
  "fee_rate": 0.0005,
  "best_params": {
    "k_period": 26,
    "oversold": 16,
    "overbought": 71,
    "d_period": 2,
    "use_kd_cross": true,
    "ema_period": 46,
    "confirm_bars": 1,
    "cooldown_bars": 2,
    "min_hold_bars": 2,
    "lot_size": 0.001
  },
  "train_metrics": {
    "pnl": -2.1851830200000046,
    "num_trades": 32,
    "win_rate": 53.125,
    "return_pct": -0.021851830200000047,
    "profit_factor": 1.4327871823137677,
    "avg_pnl_per_trade": -0.06828696937500014,
    "max_drawdown_pct": -0.028022877190272598,
    "gross_profit": 4.744029999999984,
    "gross_loss": 3.3110499999999887,
    "fee_rate": 0.0005
  },
  "valid_metrics": {
    "pnl": -0.36450552999999425,
    "num_trades": 5,
    "win_rate": 40.0,
    "return_pct": -0.0036450552999999423,
    "profit_factor": 1.8655896342464098,
    "avg_pnl_per_trade": -0.07290110599999886,
    "max_drawdown_pct": -0.006519743081519506,
    "gross_profit": 0.45497999999999594,
    "gross_loss": 0.2438799999999901,
    "fee_rate": 0.0005
  },
  "best_value": 1.6419062244001672,
  "best_params_raw": {
    "k": 26,
    "oversold": 16,
    "overbought": 71,
    "d_period": 2,
    "use_kd_cross": true,
    "enable_trend": true,
    "ema_period": 46,
    "enable_adx": true,
    "adx_period": 14,
    "min_adx": 29,
    "confirm_bars": 1,
    "cooldown_bars": 2,
    "min_hold_bars": 2,
    "penalty_per_trade": 0.005642338533275941
  }
}