{
  "ticker": "BTCUSDT",
  "interval": "1h",
  "days": 30,
  "train_frac": 0.8,
  "lot_size": 0.001,
  "fee_rate": 0.0005,
  "best_params": {
    "k_period": 29,
    "oversold": 10,
    "overbought": 71,
    "d_period": 2,
    "use_kd_cross": true,
    "ema_period": null,
    "confirm_bars": 0,
    "cooldown_bars": 1,
    "min_hold_bars": 2,
    "lot_size": 0.001
  },
  "train_metrics": {
    "pnl": 3.718008814999992,
    "num_trades": 25,
    "win_rate": 48.0,
    "return_pct": 0.03718008814999992,
    "profit_factor": 2.165495568722237,
    "avg_pnl_per_trade": 0.1487203525999997,
    "max_drawdown_pct": -0.02832794186224437,
    "gross_profit": 12.148689999999988,
    "gross_loss": 5.610119999999997,
    "fee_rate": 0.0005
  },
  "valid_metrics": {
    "pnl": -0.572920255000003,
    "num_trades": 2,
    "win_rate": 0.0,
    "return_pct": -0.00572920255000003,
    "profit_factor": 0.0,
    "avg_pnl_per_trade": -0.2864601275000015,
    "max_drawdown_pct": -0.007364377120697465,
    "gross_profit": 0.0,
    "gross_loss": 0.3385500000000029,
    "fee_rate": 0.0005
  },
  "best_value": 3.5151197307593023,
  "best_params_raw": {
    "k": 29,
    "oversold": 10,
    "overbought": 71,
    "d_period": 2,
    "use_kd_cross": true,
    "enable_trend": false,
    "enable_adx": false,
    "confirm_bars": 0,
    "cooldown_bars": 1,
    "min_hold_bars": 2,
    "penalty_per_trade": 0.008115563369627602
  }
}