run_id,idx,close_time,open,high,low,close,volume,ema_fast_30m,ema_slow_30m,atr_30m,ema_fast_15m,ema_slow_15m,signal,trend_ok,atr_ok,vol_ok
run-20251017-171201,0,2025-09-17 18:00:00,115680.61,116288.27,115500.0,115504.48,518.00316,115504.48,115504.48,,115686.8010688197,115682.28948738893,0,1,0,1
run-20251017-171201,1,2025-09-17 18:30:00,115504.49,116333.33,114966.65,115961.73,2149.26578,115595.93000000001,115546.04818181817,1366.6800000000076,115689.79078286662,115683.07718744806,1,1,1,1
run-20251017-171201,2,2025-09-17 19:00:00,115961.73,115965.89,114720.81,115226.93,1278.12294,115522.13,115517.03743801652,1305.8800000000047,115641.96957695608,115670.84708052105,0,0,1,1
run-20251017-171201,3,2025-09-17 19:30:00,115226.93,115989.2,115068.33,115752.0,685.13073,115568.10400000002,115538.3976709241,1177.5433333333349,115640.6448959137,115669.89556337007,0,0,1,1
run-20251017-171201,4,2025-09-17 20:00:00,115752.0,115855.44,115582.45,115652.02,269.91258,115584.88720000003,115548.72697356736,951.4050000000025,115644.97085547437,115670.44397428328,0,0,1,1
run-20251017-171201,5,2025-09-17 20:30:00,115652.02,116140.2,115614.2,115807.68,323.60401,115629.44576000003,115572.2681577885,866.324000000002,115666.49014378854,115675.51668685408,0,0,1,1
run-20251017-171201,6,2025-09-17 21:00:00,115807.68,115900.0,115496.68,115621.47,131.66062,115627.85060800004,115576.74105253498,789.1566666666695,115665.9876029359,115675.22019841363,0,0,1,1
run-20251017-171201,7,2025-09-17 21:30:00,115621.47,115899.91,115307.33,115802.16,154.70545,115662.71248640004,115597.23368412271,761.0742857142884,115675.54694911539,115677.49549410606,0,0,1,1
run-20251017-171201,8,2025-09-17 22:00:00,115802.16,116120.0,115747.94,116038.39,181.3454,115737.84798912004,115637.33880374792,712.447500000002,115700.15870235529,115683.78192673682,0,1,1,1
run-20251017-171201,9,2025-09-17 22:30:00,116038.39,116334.66,116038.39,116229.52,348.25313,115836.18239129605,115691.17345795265,666.2055555555578,115741.9482677259,115694.87206952069,0,1,1,1
run-20251017-171201,10,2025-09-17 23:00:00,116229.52,116823.72,116199.99,116559.69,392.92134,115980.88391303684,115770.12950722968,661.9580000000017,115796.31512141865,115709.7711607408,0,1,1,1
run-20251017-171201,11,2025-09-17 23:30:00,116559.68,116990.68,116516.92,116558.64,550.42669,116096.43513042948,115841.8122792997,644.849090909092,115864.61087525035,115729.11041846729,0,1,1,1
run-20251017-171201,12,2025-09-18 00:00:00,116558.65,116656.96,116340.07,116447.59,286.31168,116166.66610434359,115896.88298118154,617.5191666666675,115907.33689022534,115742.78798103322,0,1,1,1
run-20251017-171201,13,2025-09-18 00:30:00,116447.6,116470.52,116092.76,116180.0,291.51767,116169.33288347488,115922.62089198321,599.0761538461554,115932.11289251481,115752.4415880027,0,1,1,1
run-20251017-171201,14,2025-09-18 01:00:00,116180.01,116460.41,116178.04,116350.65,151.47242,116205.59630677992,115961.53262907565,576.4542857142878,115965.54846402463,115764.61455970137,0,1,1,1
run-20251017-171201,15,2025-09-18 01:30:00,116350.65,116660.0,116340.0,116557.68,231.29416,116276.01304542393,116015.72784461422,501.69142857143015,116012.65484126225,115780.73031753508,0,1,1,1
run-20251017-171201,16,2025-09-18 02:00:00,116557.69,116869.46,116453.8,116634.84,209.48233,116347.77843633914,116072.01076783109,442.44714285714457,116067.93707569038,115799.58828654507,0,1,1,1
run-20251017-171201,17,2025-09-18 02:30:00,116634.84,116708.11,116429.55,116484.41,112.039,116375.10474907131,116109.50160711916,396.567857142859,116106.17157198486,115814.77255700284,0,1,1,1
run-20251017-171201,18,2025-09-18 03:00:00,116484.42,116959.96,116484.41,116950.47,206.1746,116490.17779925706,116185.95327919924,411.0364285714303,116158.76520735704,115834.03792950348,0,1,1,1
run-20251017-171201,19,2025-09-18 03:30:00,116950.46,117800.0,116896.93,117767.66,1355.88159,116745.67423940566,116329.74479927203,437.9700000000022,116270.1453067529,115869.10182238727,0,1,1,1
run-20251017-171201,20,2025-09-18 04:00:00,117767.66,117896.0,117543.15,117581.66,523.81901,116912.87139152453,116443.55527206548,434.3650000000021,116374.92846655661,115904.0421853013,0,1,1,1
run-20251017-171201,21,2025-09-18 04:30:00,117581.67,117750.0,117364.45,117372.7,315.35698,117004.83711321963,116528.02297460497,419.5771428571451,116462.43174479142,115935.942632611,0,1,1,1
run-20251017-171201,22,2025-09-18 05:00:00,117372.7,117616.29,117219.5,117605.16,297.02472,117124.90169057572,116625.94452236815,421.34357142857334,116543.71517079747,115967.27392227986,0,1,1,1
run-20251017-171201,23,2025-09-18 05:30:00,117605.16,117605.16,117226.98,117254.54,172.47546,117150.82935246057,116683.08956578923,427.1942857142879,116605.73108230862,115994.68755763979,0,1,1,0
run-20251017-171201,24,2025-09-18 06:00:00,117254.55,117322.73,117176.1,117273.36,167.72306,117175.33548196846,116736.75051435383,393.115714285716,116655.19218324606,116019.51688102011,0,1,1,0
run-20251017-171201,25,2025-09-18 06:30:00,117273.37,117338.05,116905.77,116946.95,237.11169,117129.65838557477,116755.85955850348,390.1528571428592,116682.52231909797,116039.16150900417,0,1,1,1
run-20251017-171201,26,2025-09-18 07:00:00,116946.96,117111.72,116888.02,117102.43,237.30878,117124.21270845983,116787.36596227589,383.49642857143044,116712.99781167023,116059.74186624278,0,1,1,1
run-20251017-171201,27,2025-09-18 07:30:00,117102.43,117208.0,117048.81,117081.25,194.7483,117115.62016676787,116814.08269297807,367.8842857142871,116744.11234364484,116080.70090109356,0,1,1,0
run-20251017-171201,28,2025-09-18 08:00:00,117081.25,117196.09,117056.74,117086.01,167.8789,117109.6981334143,116838.8033572528,357.66857142857145,116774.5496259482,116101.69194386789,0,1,1,0
run-20251017-171201,29,2025-09-18 08:30:00,117086.01,117413.04,117010.59,117320.04,220.68616,117151.76650673145,116882.55214295708,363.55785714285696,116813.2524920806,116124.96944999167,0,1,1,0
run-20251017-171201,30,2025-09-18 09:00:00,117320.05,117350.0,117070.26,117229.59,162.97975,117167.33120538517,116914.1010390519,353.84928571428566,116843.83438426972,116146.46823566545,0,1,1,0
run-20251017-171201,31,2025-09-18 09:30:00,117229.58,117350.0,117131.16,117257.31,132.36716,117185.32696430814,116945.30185368354,349.5835714285713,116875.12535049274,116168.33314226351,0,1,1,0
run-20251017-171201,32,2025-09-18 10:00:00,117257.3,117326.22,117107.57,117298.81,128.07999,117208.02357144652,116977.43895789413,331.23357142857066,116903.0808790977,116189.50952121922,0,1,1,0
run-20251017-171201,33,2025-09-18 10:30:00,117298.82,117307.5,117120.96,117120.97,130.97137,117190.61285715723,116990.48723444922,280.05285714285543,116924.92239550695,116209.28394123419,0,1,1,0
run-20251017-171201,34,2025-09-18 11:00:00,117120.96,117190.48,117078.72,117190.47,105.66504,117190.5842857258,117008.66748586293,262.83214285714035,116941.78185759793,116227.78224045978,0,1,1,0
run-20251017-171201,35,2025-09-18 11:30:00,117190.48,117300.0,117131.31,117243.39,185.48104,117201.14542858064,117030.00589623903,247.34214285714032,116962.3564629345,116247.20852019625,0,1,1,0
run-20251017-171201,36,2025-09-18 12:00:00,117243.4,117272.14,117013.77,117063.4,99.52178,117173.5963428645,117033.04172385366,237.4549999999976,116972.82340926788,116264.07557803749,0,1,1,0
run-20251017-171201,37,2025-09-18 12:30:00,117063.41,117279.0,116977.59,117254.9,134.49456,117189.8570742916,117053.21065804877,231.97142857142586,116994.09315865136,116283.58553664174,0,1,1,0
run-20251017-171201,38,2025-09-18 13:00:00,117254.9,117254.9,117068.21,117124.69,115.12667,117176.82365943328,117059.70878004434,234.83285714285427,117007.32877890118,116301.07564952724,0,1,1,0
run-20251017-171201,39,2025-09-18 13:30:00,117124.69,117466.66,117062.34,117445.35,192.31206,117230.52892754663,117094.76707276759,232.835714285712,117038.80561251123,116323.15768909009,0,1,1,1
run-20251017-171201,40,2025-09-18 14:00:00,117445.34,117655.55,117004.28,117432.04,454.70554,117270.8311420373,117125.42824797053,263.3764285714268,117059.2100021682,116342.54433270605,0,1,1,1
run-20251017-171201,41,2025-09-18 14:30:00,117432.04,117843.83,117400.54,117706.4,428.83244,117357.94491362985,117178.24386179139,283.66928571428434,117102.7216975032,116367.91579514103,0,1,1,1
run-20251017-171201,42,2025-09-18 15:00:00,117706.39,117813.22,117614.6,117640.54,282.76215,117414.46393090388,117220.27078344671,287.9028571428561,117148.74395836417,116394.33602245936,0,1,1,1
run-20251017-171201,43,2025-09-18 15:30:00,117640.54,117676.0,117322.41,117336.0,373.74221,117398.7711447231,117230.79162131519,284.412857142856,117165.9485982439,116413.71599429256,0,1,1,1
run-20251017-171201,44,2025-09-18 16:00:00,117336.0,117705.51,117336.0,117583.56,434.35631,117435.72891577848,117262.86147392291,290.8249999999981,117192.87045920169,116435.52373876834,0,1,1,1
run-20251017-171201,45,2025-09-18 16:30:00,117583.56,117789.0,117500.01,117707.07,293.15669,117489.9971326228,117303.24406720264,295.83571428571304,117231.96032008584,116460.5849211397,0,1,1,1
run-20251017-171201,46,2025-09-18 17:00:00,117707.07,117787.99,117538.77,117565.6,190.15322,117505.11770609824,117327.09460654785,298.019285714285,117264.91587409693,116484.3747412701,0,1,1,0
run-20251017-171201,47,2025-09-18 17:30:00,117565.59,117765.59,117507.56,117541.19,320.01099,117512.3321648786,117346.5578241344,303.1257142857139,117290.8289710522,116506.5221224484,0,1,1,1
run-20251017-171201,48,2025-09-18 18:00:00,117541.2,117634.14,117418.45,117579.93,159.42077,117525.85173190289,117367.77347648582,310.5492857142859,117309.41890791862,116526.82546944579,0,1,1,0
run-20251017-171201,49,2025-09-18 18:30:00,117579.94,117900.0,117512.11,117808.55,247.26465,117582.39138552232,117407.84406953256,326.20642857142855,117348.30561242314,116552.33802419552,0,1,1,1
run-20251017-171201,50,2025-09-18 19:00:00,117808.55,117884.86,117702.94,117822.97,227.27356,117630.50710841786,117445.58279048414,320.7457142857144,117384.26015202921,116577.35617871258,0,1,1,1
run-20251017-171201,51,2025-09-18 19:30:00,117822.98,117822.98,117463.82,117463.82,170.65047,117597.1696867343,117447.24071862195,324.8707142857134,117400.27876394546,116597.49819245063,0,1,1,0
run-20251017-171201,52,2025-09-18 20:00:00,117463.83,117500.0,117196.33,117450.21,220.69315,117567.77774938745,117447.51065329269,333.22642857142847,117398.2125306548,116612.83907327139,0,1,1,1
run-20251017-171201,53,2025-09-18 20:30:00,117450.21,117512.12,117337.95,117501.44,78.06271,117554.51019950997,117452.41332117518,316.7871428571421,117403.73980242299,116629.80451178487,0,1,1,0
run-20251017-171201,54,2025-09-18 21:00:00,117501.44,117657.17,117501.44,117521.14,114.4094,117547.83615960798,117458.66120106835,281.39142857142724,117417.72890642738,116648.75159256437,0,1,1,0
run-20251017-171201,55,2025-09-18 21:30:00,117521.14,117521.14,117304.11,117437.98,100.08151,117525.86492768639,117456.78109188032,265.22999999999803,117415.21838690204,116663.31595101958,0,1,1,0
run-20251017-171201,56,2025-09-18 22:00:00,117437.98,117469.93,117299.21,117299.21,87.03485,117480.53394214912,117442.45644716392,263.2371428571402,117408.9645547681,116676.60477305825,0,1,1,0
run-20251017-171201,57,2025-09-18 22:30:00,117299.21,117310.02,117206.06,117267.5,133.85123,117437.9271537193,117426.55131560356,245.40642857142666,117396.14870280593,116687.79863116953,0,1,1,0
run-20251017-171201,58,2025-09-18 23:00:00,117267.49,117334.8,117027.34,117061.02,211.66619,117362.54572297544,117393.32119600322,240.97428571428463,117379.60527313997,116697.60114534157,0,1,1,1
run-20251017-171201,59,2025-09-18 23:30:00,117061.02,117061.03,116612.03,116829.23,467.59919,117255.88257838036,117342.04017818475,252.40357142856996,117335.39130365594,116699.71246941095,0,1,1,1
run-20251017-171201,60,2025-09-19 00:00:00,116829.22,117172.21,116829.22,117073.53,182.51217,117219.4120627043,117317.63016198613,259.1014285714274,117311.89727031063,116706.23647387796,0,1,1,0
run-20251017-171201,61,2025-09-19 00:30:00,117073.53,117329.51,117020.0,117229.62,200.14494,117221.45365016344,117309.6292381692,262.77857142857,117299.52377009451,116715.01922185197,0,1,1,1
run-20251017-171201,62,2025-09-19 01:00:00,117229.62,117427.7,117215.09,117424.2,128.7224,117262.00292013076,117320.044761972,262.55857142856985,117307.74624836484,116728.70534453503,0,1,1,0
run-20251017-171201,63,2025-09-19 01:30:00,117424.21,117459.99,117221.48,117337.46,150.37413,117277.09433610461,117321.6279654291,251.88857142857054,117307.46329962475,116740.08823170049,0,1,1,0
run-20251017-171201,64,2025-09-19 02:00:00,117337.47,117388.16,117118.21,117241.32,118.30077,117269.9394688837,117314.32724129918,258.1764285714276,117298.2643992307,116748.93800607836,0,1,1,0
run-20251017-171201,65,2025-09-19 02:30:00,117241.32,117285.99,117044.13,117110.74,227.45084,117238.09957510697,117295.81931027198,249.79785714285703,117281.62463765973,116755.52169101532,0,1,1,1
run-20251017-171201,66,2025-09-19 03:00:00,117110.75,117213.74,117055.22,117112.8,168.06557,117213.03966008557,117279.18119115634,239.4300000000003,117267.79122453711,116762.37359733418,0,1,1,0
run-20251017-171201,67,2025-09-19 03:30:00,117112.81,117291.01,117070.82,117083.99,106.6939,117187.22972806846,117261.43653741485,242.7171428571424,117258.34371784453,116769.96718170421,0,1,1,0
run-20251017-171201,68,2025-09-19 04:00:00,117084.0,117099.58,116871.61,116977.58,226.63529,117145.29978245478,117235.63139764986,247.8771428571428,117235.85657306603,116773.84337126973,0,1,1,1
run-20251017-171201,69,2025-09-19 04:30:00,116977.58,117034.18,116700.02,116996.0,250.50128,117115.43982596383,117213.84672513623,256.24357142857065,117209.11349170764,116776.07237211092,0,1,1,1
run-20251017-171201,70,2025-09-19 05:00:00,116996.0,117100.0,116933.8,116990.65,126.9117,117090.48186077108,117193.5561137602,255.92071428571424,117192.73517631298,116780.4311702177,0,1,1,0
run-20251017-171201,71,2025-09-19 05:30:00,116990.65,117010.0,116833.85,116849.76,142.12395,117042.33748861687,117162.30192160018,261.07714285714195,117171.2931327672,116783.09311778894,0,1,1,0
run-20251017-171201,72,2025-09-19 06:00:00,116849.76,116917.89,116780.75,116894.83,164.19087,117012.83599089351,117137.98629236381,248.91142857142717,117149.05868195849,116785.0504288894,0,1,1,0
run-20251017-171201,73,2025-09-19 06:30:00,116894.83,116894.83,116755.69,116792.25,167.31162,116968.7187927148,117106.55572033074,226.77857142856996,117121.27615354952,116785.1024582176,0,1,1,0
run-20251017-171201,74,2025-09-19 07:00:00,116792.25,116814.63,116633.86,116669.75,263.2378,116908.92503417184,117066.84610939158,215.19142857142702,117089.40215481447,116783.562273406,0,1,1,1
run-20251017-171201,75,2025-09-19 07:30:00,116669.76,116887.66,116665.0,116865.22,250.98973,116900.18402733747,117048.51646308326,208.98785714285623,117069.61886724705,116784.51376671746,0,1,1,1
run-20251017-171201,76,2025-09-19 08:00:00,116865.22,116992.81,116834.69,116909.97,172.82411,116902.14122186998,117035.92133007568,205.095714285713,117059.61563254909,116787.59221394961,0,1,1,1
run-20251017-171201,77,2025-09-19 08:30:00,116909.98,117090.36,116882.47,117084.28,186.66447,116938.56897749599,117040.31757279606,202.90857142856945,117057.8577907537,116792.5116023024,0,1,1,1
run-20251017-171201,78,2025-09-19 09:00:00,117084.28,117084.29,116902.9,116915.88,97.19339,116934.0311819968,117029.00506617824,196.58285714285532,117047.70849504023,116795.15524870124,0,1,1,0
run-20251017-171201,79,2025-09-19 09:30:00,116915.88,116979.86,116780.8,116825.19,125.59573,116912.26294559745,117010.4764237984,193.52571428571224,117036.19304751696,116797.21279235212,0,1,1,0
run-20251017-171201,80,2025-09-19 10:00:00,116825.2,116881.6,116488.0,116488.0,235.87683,116827.41035647798,116962.97856708945,210.31714285714094,117002.49169822692,116793.2995517422,0,1,1,1
run-20251017-171201,81,2025-09-19 10:30:00,116488.0,116551.54,116434.23,116483.48,155.79783,116758.62428518239,116919.38778826314,202.96857142857021,116964.17872642938,116787.58186303663,0,1,1,0
run-20251017-171201,82,2025-09-19 11:00:00,116483.47,116547.99,116447.59,116532.68,133.46765,116713.43542814592,116884.23253478466,193.8564285714279,116930.70200006035,116782.45670003499,0,1,1,0
run-20251017-171201,83,2025-09-19 11:30:00,116532.68,116554.05,116364.0,116364.0,188.14276,116643.54834251675,116836.93866798606,183.56285714285747,116890.83040451554,116775.13910938062,0,1,1,1
run-20251017-171201,84,2025-09-19 12:00:00,116364.0,116400.0,116300.0,116394.72,121.08965,116593.7826740134,116796.73697089641,178.83428571428627,116850.99778594456,116767.16569665557,0,1,1,0
run-20251017-171201,85,2025-09-19 12:30:00,116394.72,116529.08,116200.0,116231.47,228.92269,116521.32013921073,116745.34906445128,189.75785714285823,116812.34100886309,116758.9062655196,0,1,1,1
run-20251017-171201,86,2025-09-19 13:00:00,116231.47,116287.17,116133.66,116162.45,259.81568,116449.54611136859,116692.35824041025,190.9271428571436,116764.66695973866,116747.6964684251,0,1,1,1
run-20251017-171201,87,2025-09-19 13:30:00,116162.45,116350.01,116075.0,116212.0,213.42705,116402.03688909489,116648.68930946387,200.63214285714326,116719.63587479143,116736.42618712662,0,0,1,1
run-20251017-171201,88,2025-09-19 14:00:00,116212.0,116465.35,116105.49,116284.64,221.69673,116378.55751127591,116615.59391769441,213.42428571428587,116685.74178984016,116727.3636072474,0,0,1,1
run-20251017-171201,89,2025-09-19 14:30:00,116284.63,116479.11,116210.74,116265.3,169.68621,116355.90600902073,116583.74901608581,216.6892857142853,116655.10578908354,116718.65677410473,0,0,1,0
run-20251017-171201,90,2025-09-19 15:00:00,116265.3,116346.82,115800.0,115899.99,676.70781,116264.7228072166,116521.58910553256,244.45357142857185,116605.07557846581,116704.54633527195,0,0,1,1
run-20251017-171201,91,2025-09-19 15:30:00,115899.99,115900.0,115464.19,115800.0,647.15752,116171.77824577328,116455.9900959387,260.73357142857174,116532.61392691135,116683.87484921426,0,0,1,1
run-20251017-171201,92,2025-09-19 16:00:00,115800.0,115952.95,115640.0,115884.03,240.46196,116114.22859661863,116403.99372358063,270.1307142857144,116483.88480527265,116668.33551753013,0,0,1,1
run-20251017-171201,93,2025-09-19 16:30:00,115884.03,116041.03,115800.0,115962.12,226.84716,116083.8068772949,116363.8233850733,273.12857142857166,116444.17140232974,116654.45779138415,0,0,1,1
run-20251017-171201,94,2025-09-19 17:00:00,115962.12,116136.0,115854.33,116088.68,128.52518,116084.78150183594,116338.81035006662,265.1335714285711,116413.35612341165,116642.34458891128,0,0,1,0
run-20251017-171201,95,2025-09-19 17:30:00,116088.68,116093.18,115720.47,115790.66,138.18655,116025.95720146876,116288.97850006056,283.3764285714278,116366.20767101552,116625.6715716313,0,0,1,0
run-20251017-171201,96,2025-09-19 18:00:00,115790.66,115790.67,115538.67,115542.73,222.37973,115929.31176117502,116221.13772732779,294.2049999999986,116306.0551626714,116605.05590871937,0,0,1,1
run-20251017-171201,97,2025-09-19 18:30:00,115542.73,115599.57,115394.15,115423.18,209.97456,115828.08540894002,116148.59611575253,295.30285714285645,116240.58332394235,116582.28456773832,0,0,1,1
run-20251017-171201,98,2025-09-19 19:00:00,115423.18,115644.73,115382.98,115407.49,178.80946,115743.96632715203,116081.22283250229,306.8564285714279,116183.63743205905,116560.88179913878,0,0,1,1
run-20251017-171201,99,2025-09-19 19:30:00,115407.49,115479.45,115280.0,115360.15,162.76258,115667.20306172162,116015.67075682025,297.5971428571419,116117.9862262106,116536.49622107609,0,0,1,0
run-20251017-171201,100,2025-09-19 20:00:00,115360.15,115395.03,115112.58,115125.12,146.16973,115558.78644937731,115934.71159710932,306.807142857142,116044.46257944315,116509.28652980951,0,0,1,0
run-20251017-171201,101,2025-09-19 20:30:00,115125.13,115432.7,115100.0,115388.44,176.1906,115524.71715950186,115885.05054282665,310.92785714285645,115991.1766679135,116486.34901925664,0,0,1,1
run-20251017-171201,102,2025-09-19 21:00:00,115388.44,115445.23,115282.44,115342.57,162.65756,115488.2877276015,115835.73412984241,296.8514285714274,115943.61117249532,116464.30397741598,0,0,1,0
run-20251017-171201,103,2025-09-19 21:30:00,115342.56,115448.0,115306.07,115418.27,101.53814,115474.2841820812,115797.78284531129,287.8199999999987,115902.08287780134,116443.29471918147,0,0,1,0
run-20251017-171201,104,2025-09-19 22:00:00,115418.27,115532.73,115418.26,115465.39,76.9248,115472.50534566498,115767.56531391935,256.9378571428554,115868.45166074626,116423.91705537749,0,0,1,0
run-20251017-171201,105,2025-09-19 22:30:00,115465.39,115619.48,115465.39,115588.04,79.22615,115495.61227653199,115751.24483083576,236.81499999999818,115847.61625430672,116407.55537610466,0,0,1,0
run-20251017-171201,106,2025-09-19 23:00:00,115588.04,115657.28,115588.04,115613.21,60.63527,115519.1318212256,115738.69620985069,219.40714285714162,115828.64622321817,116391.57888787705,0,0,1,0
run-20251017-171201,107,2025-09-19 23:30:00,115613.21,115613.22,115448.01,115468.5,70.18134,115509.00545698048,115714.13291804609,213.99142857142786,115802.14054669238,116373.61096306574,0,0,1,0
run-20251017-171201,108,2025-09-20 00:00:00,115468.49,115648.0,115451.43,115632.38,84.89898,115533.68036558438,115706.70083458735,207.91285714285706,115784.91650619316,116357.84305161671,0,0,1,0
run-20251017-171201,109,2025-09-20 00:30:00,115632.39,115670.36,115548.92,115557.07,126.18523,115538.35829246751,115693.09803144305,189.96500000000066,115770.06757069194,116342.6849064893,0,0,1,0
run-20251017-171201,110,2025-09-20 01:00:00,115557.06,115730.41,115557.06,115723.73,94.6884,115575.43263397402,115695.88275585732,184.34714285714395,115765.76037571373,116330.23411504377,0,0,1,0
run-20251017-171201,111,2025-09-20 01:30:00,115723.72,115723.73,115610.84,115700.0,93.27839,115600.34610717923,115696.25705077939,177.73785714285728,115757.51628684686,116316.92112546346,0,0,1,0
run-20251017-171201,112,2025-09-20 02:00:00,115700.01,115710.07,115623.5,115623.51,85.2257,115604.97888574339,115689.64368252672,165.22500000000062,115748.97275844649,116303.65090045988,0,0,1,0
run-20251017-171201,113,2025-09-20 02:30:00,115623.5,115623.51,115444.0,115533.82,87.7163,115590.74710859472,115675.47789320612,163.80071428571475,115731.27182354096,116288.10456991439,0,0,1,0
run-20251017-171201,114,2025-09-20 03:00:00,115533.82,115606.4,115496.71,115606.39,67.02991,115593.87568687579,115669.19717564192,151.4607142857141,115720.22277136557,116274.2274164793,0,0,1,0
run-20251017-171201,115,2025-09-20 03:30:00,115606.4,115606.4,115464.0,115506.79,113.1565,115576.45854950065,115654.43288694721,137.86785714285674,115703.22679509755,116258.87821935094,0,0,1,0
run-20251017-171201,116,2025-09-20 04:00:00,115506.8,115506.8,115408.47,115445.0,49.78255,115550.16683960053,115635.39353358837,133.2635714285716,115685.6872645249,116243.36787219417,0,0,1,0
run-20251017-171201,117,2025-09-20 04:30:00,115445.0,115496.43,115425.01,115460.01,57.71327,115532.13547168043,115619.44957598943,128.2271428571434,115669.16268439995,116228.07284786915,0,0,1,0
run-20251017-171201,118,2025-09-20 05:00:00,115460.01,115582.38,115409.08,115568.41,86.31147,115539.39037734436,115614.80961453584,132.42928571428638,115660.64607660295,116214.80937819526,0,0,1,0
run-20251017-171201,119,2025-09-20 05:30:00,115568.41,115606.74,115512.63,115606.74,52.15875,115552.8603018755,115614.0760132144,128.14500000000095,115655.42158013214,116202.48646038245,0,0,1,0
run-20251017-171201,120,2025-09-20 06:00:00,115606.74,115717.5,115606.73,115717.49,172.26687,115585.7862415004,115623.47728474037,131.11142857142946,115657.27420757298,116192.11933659083,0,0,1,1
run-20251017-171201,121,2025-09-20 06:30:00,115717.49,115717.5,115625.85,115677.66,107.92556,115604.16099320033,115628.4029861276,125.85714285714286,115656.89003167348,116181.42198085033,0,0,1,0
run-20251017-171201,122,2025-09-20 07:00:00,115677.67,115724.34,115677.66,115700.46,51.94051,115623.42079456028,115634.95362375236,115.15071428571329,115659.38197848828,116171.67380568932,0,0,0,0
run-20251017-171201,123,2025-09-20 07:30:00,115700.47,115745.27,115683.47,115737.46,61.5821,115646.22863564824,115644.27238522941,110.89071428571333,115663.4878394273,116162.57951830656,1,0,0,0
run-20251017-171201,124,2025-09-20 08:00:00,115737.45,115985.2,115737.45,115968.56,169.56273,115710.69490851859,115673.75307748128,116.20499999999863,115685.32952805265,116158.31502449093,0,0,1,1
run-20251017-171201,125,2025-09-20 08:30:00,115968.56,115968.57,115817.15,115817.16,78.71573,115731.98792681488,115686.79007043752,118.95714285714244,115696.92871082446,116151.94197333894,0,0,1,0
run-20251017-171201,126,2025-09-20 09:00:00,115817.15,115888.81,115700.01,115701.43,104.99209,115725.87634145192,115688.12097312501,126.25928571428501,115704.15593029202,116144.82029717571,0,0,1,0
run-20251017-171201,127,2025-09-20 09:30:00,115701.43,115794.39,115700.01,115755.86,100.2742,115731.87307316155,115694.27906647728,120.17857142857143,115709.23409020805,116137.40655103725,0,0,1,0
run-20251017-171201,128,2025-09-20 10:00:00,115755.87,115755.87,115664.11,115672.8,95.92411,115720.05845852924,115692.32642407024,118.89785714285765,115706.6420340598,116128.26142193576,0,0,1,0
run-20251017-171201,129,2025-09-20 10:30:00,115672.8,115789.93,115672.79,115732.83,112.69929,115722.6127668234,115696.00856733658,117.0935714285723,115709.21146627358,116120.57659637331,0,0,1,0
run-20251017-171201,130,2025-09-20 11:00:00,115732.84,115798.16,115720.52,115747.54,57.66439,115727.59821345872,115700.69324303325,115.61571428571499,115713.38170339211,116113.50968721023,0,0,0,0
run-20251017-171201,131,2025-09-20 11:30:00,115747.54,115858.99,115747.54,115787.15,170.02431,115739.50857076698,115708.55294821205,118.47500000000166,115721.30676272376,116107.63628482494,0,0,1,1
run-20251017-171201,132,2025-09-20 12:00:00,115787.16,115909.54,115780.85,115894.06,72.75174,115770.4188566136,115725.41722564731,115.28857142857201,115731.65789976923,116102.64043403266,0,0,0,0
run-20251017-171201,133,2025-09-20 12:30:00,115894.05,115950.89,115822.83,115822.84,103.09856,115780.90308529089,115734.27384149755,117.7135714285718,115742.17475484274,116098.01652800989,0,0,1,0
run-20251017-171201,134,2025-09-20 13:00:00,115822.84,115874.5,115804.47,115874.49,52.35787,115799.62046823272,115747.02076499777,114.80357142857143,115751.21747265567,116093.29453691046,0,0,0,0
run-20251017-171201,135,2025-09-20 13:30:00,115874.5,115905.93,115859.48,115905.93,59.35994,115820.88237458619,115761.46705908887,111.5750000000002,115762.54944707661,116089.43686830006,0,0,0,0
run-20251017-171201,136,2025-09-20 14:00:00,115905.93,115951.96,115891.04,115915.8,64.60711,115839.86589966896,115775.49732644443,112.59214285714448,115774.7218771361,116086.10016587588,0,0,0,0
run-20251017-171201,137,2025-09-20 14:30:00,115915.79,115945.84,115883.3,115900.76,81.46768,115852.04471973518,115786.88484222219,112.64500000000096,115784.14323990917,116082.35952102303,0,0,0,0
run-20251017-171201,138,2025-09-20 15:00:00,115900.76,116036.0,115900.75,115970.36,128.15657,115875.70777578815,115803.56440202017,104.60928571428667,115797.34419800922,116079.84947729099,0,0,0,0
run-20251017-171201,139,2025-09-20 15:30:00,115970.36,116121.81,115970.36,116110.0,202.59302,115922.56622063053,115831.4221836547,104.6114285714284,115819.49849266441,116079.95315240219,0,0,0,1
run-20251017-171201,140,2025-09-20 16:00:00,116110.01,116119.3,115946.91,115986.69,145.27349,115935.39097650444,115845.53743968609,103.4392857142853,115833.11966969908,116078.30648172766,0,0,0,1
run-20251017-171201,141,2025-09-20 16:30:00,115986.7,116048.0,115882.58,115954.3,128.53594,115939.17278120355,115855.42494516917,108.51357142857056,115842.8460772578,116075.95775606786,0,0,0,0
run-20251017-171201,142,2025-09-20 17:00:00,115954.3,116057.24,115954.3,116027.94,97.71168,115956.92622496285,115871.10813197198,109.31214285714252,115857.53412206689,116075.12603445568,0,0,0,0
run-20251017-171201,143,2025-09-20 17:30:00,116027.95,116079.46,115832.79,115854.78,135.64374,115936.4969799703,115869.62375633816,118.56428571428634,115859.18702309982,116071.25039257642,0,0,1,1
run-20251017-171201,144,2025-09-20 18:00:00,115854.77,115891.97,115817.28,115821.72,53.42549,115913.54158397624,115865.26886939832,118.35357142857227,115858.40244616021,116066.85744205391,0,0,1,0
run-20251017-171201,145,2025-09-20 18:30:00,115821.73,115821.73,115700.0,115793.95,88.61487,115889.62326718101,115858.78533581666,119.08785714285685,115851.15076248777,116060.85323191943,0,0,1,0
run-20251017-171201,146,2025-09-20 19:00:00,115793.94,115793.95,115711.5,115711.51,103.37564,115854.0006137448,115845.39666892424,115.78500000000038,115841.53421020113,116054.22878981318,0,0,1,0
run-20251017-171201,147,2025-09-20 19:30:00,115711.51,115812.62,115711.5,115773.15,153.51629,115837.83049099585,115838.82878993113,113.8607142857145,115834.88371345364,116048.29900758377,0,0,0,1
run-20251017-171201,148,2025-09-20 20:00:00,115773.15,115784.97,115698.08,115702.0,137.38441,115810.6643927967,115826.38980902829,115.06500000000025,115824.51812226152,116041.40315436067,0,0,0,1
run-20251017-171201,149,2025-09-20 20:30:00,115702.0,115758.04,115689.91,115758.04,77.2503,115800.13951423735,115820.17619002571,116.61357142857118,115818.07522935407,116035.4440973203,0,0,1,0
run-20251017-171201,150,2025-09-20 21:00:00,115758.04,115789.57,115721.1,115721.1,85.96605,115784.33161138989,115811.16926365974,117.15285714285606,115812.39798757367,116029.68488992802,0,0,1,0
run-20251017-171201,151,2025-09-20 21:30:00,115721.1,115870.79,115721.1,115870.79,82.54951,115801.62328911191,115816.58933059976,123.37785714285565,115815.05643528044,116026.05966550432,0,0,1,0
run-20251017-171201,152,2025-09-20 22:00:00,115870.79,115944.7,115761.17,115786.31,117.81359,115798.56063128954,115813.8366641816,126.82642857142699,115816.69556367102,116022.31876620966,0,0,1,0
run-20251017-171201,153,2025-09-20 22:30:00,115786.3,115796.54,115767.01,115767.05,82.69985,115792.25850503164,115809.58333107417,118.11785714285568,115813.8615334003,116017.52118167048,0,0,1,0
run-20251017-171201,154,2025-09-20 23:00:00,115767.05,115781.94,115742.14,115776.06,86.5237,115789.01880402531,115806.53575552197,108.64714285714165,115809.72503717574,116012.41834596504,0,0,0,0
run-20251017-171201,155,2025-09-20 23:30:00,115776.06,115776.06,115721.1,115722.59,48.97118,115775.73304322026,115798.90432320179,100.75714285714119,115803.44163562436,116006.78826758153,0,0,0,0
run-20251017-171201,156,2025-09-21 00:00:00,115722.59,115722.6,115603.42,115685.63,88.46094,115757.71243457621,115788.60665745617,101.91714285714157,115792.61107540719,115999.96564997146,0,0,0,0
run-20251017-171201,157,2025-09-21 00:30:00,115685.63,115732.94,115597.84,115597.85,102.01803,115725.73994766099,115771.26514314198,93.94785714285536,115782.42933950506,115993.25663286849,0,0,0,0
run-20251017-171201,158,2025-09-21 01:00:00,115597.85,115693.14,115559.97,115660.01,102.91394,115712.5939581288,115761.15103921999,98.12499999999793,115770.95209694412,115986.11820198077,0,0,0,0
run-20251017-171201,159,2025-09-21 01:30:00,115660.01,115660.01,115575.35,115575.35,86.64856,115685.14516650305,115744.26003565453,95.47714285714028,115756.40627634096,115978.11372630978,0,0,0,0
run-20251017-171201,160,2025-09-21 02:00:00,115575.36,115575.36,115500.0,115500.0,106.39457,115648.11613320245,115722.05457786775,94.97071428571196,115738.77388292759,115969.19113575392,0,0,0,0
run-20251017-171201,161,2025-09-21 02:30:00,115500.01,115584.74,115441.83,115514.54,178.65893,115621.40090656196,115703.18961624341,97.95571428571255,115724.17673698929,115960.87992294724,0,0,0,1
run-20251017-171201,162,2025-09-21 03:00:00,115514.55,115700.0,115514.54,115690.76,142.53093,115635.27272524958,115702.05965113036,104.99642857142733,115718.98822203434,115954.84638619424,0,0,0,1
run-20251017-171201,163,2025-09-21 03:30:00,115690.76,115723.43,115616.38,115649.53,118.70709,115638.12418019968,115697.28422830033,107.7764285714272,115716.15140373106,115949.45538030443,0,0,0,0
run-20251017-171201,164,2025-09-21 04:00:00,115649.54,115669.42,115622.15,115669.41,81.18717,115644.38134415974,115694.75020754575,106.2621428571417,115710.89607856912,115943.47572326021,0,0,0,0
run-20251017-171201,165,2025-09-21 04:30:00,115669.42,115669.42,115575.39,115575.39,40.23928,115630.5830753278,115683.89927958704,102.2864285714282,115700.66040932122,115936.23515152663,0,0,0,0
run-20251017-171201,166,2025-09-21 05:00:00,115575.39,115575.4,115494.22,115494.23,81.23803,115603.31246026226,115666.6566178064,94.9757142857135,115686.34636016157,115927.89043527652,0,0,0,0
run-20251017-171201,167,2025-09-21 05:30:00,115494.23,115559.73,115487.56,115536.14,107.67423,115589.87796820981,115654.7914707331,98.02142857142773,115674.27726672355,115919.99744282039,0,0,0,0
run-20251017-171201,168,2025-09-21 06:00:00,115536.15,115663.49,115519.99,115663.48,129.51253,115604.59837456785,115655.58133703007,105.4285714285704,115668.04101399587,115913.50455912306,0,0,0,1
run-20251017-171201,169,2025-09-21 06:30:00,115663.48,115787.39,115663.48,115785.57,94.31572,115640.7926996543,115667.39848820915,110.35357142857121,115677.14642622227,115910.98909496875,0,0,0,0
run-20251017-171201,170,2025-09-21 07:00:00,115785.57,115785.57,115687.2,115687.2,107.53359,115650.07415972344,115669.19862564468,108.86714285714281,115680.21820429055,115907.15876166082,0,0,0,0
run-20251017-171201,171,2025-09-21 07:30:00,115687.21,115693.19,115615.36,115615.36,82.30995,115643.13132777876,115664.30420513153,104.77642857142824,115676.07538965845,115901.60147769931,0,0,0,0
run-20251017-171201,172,2025-09-21 08:00:00,115615.37,115815.98,115615.0,115815.97,164.11647,115677.69906222301,115678.09200466503,109.61999999999951,115681.96440237216,115898.63306646793,0,0,0,1
run-20251017-171201,173,2025-09-21 08:30:00,115815.98,115819.06,115593.64,115593.65,93.54244,115660.88924977841,115670.41545878639,119.67428571428589,115677.35815843736,115893.16512227907,0,0,1,0
run-20251017-171201,174,2025-09-21 09:00:00,115593.65,115639.67,115560.94,115629.6,89.30358,115654.63139982273,115666.70496253307,119.91499999999984,115672.47716201773,115887.63011230846,0,0,1,0
run-20251017-171201,175,2025-09-21 09:30:00,115629.6,115629.61,115452.28,115466.44,144.64368,115616.99311985819,115648.49905684825,122.37357142857114,115660.91670357731,115880.40961257214,0,0,1,1
run-20251017-171201,176,2025-09-21 10:00:00,115466.45,115704.53,115329.03,115683.54,191.21218,115630.30249588656,115651.68459713476,135.9478571428564,115656.35467331376,115874.86368078685,0,0,1,1
run-20251017-171201,177,2025-09-21 10:30:00,115683.53,115708.33,115600.99,115627.22,53.85114,115629.68599670926,115649.46054284979,135.96857142857127,115655.43689758798,115870.30574547264,0,0,1,0
run-20251017-171201,178,2025-09-21 11:00:00,115627.22,115627.22,115504.13,115522.31,57.76911,115608.21079736741,115637.90140259071,141.384285714285,115646.50320304066,115863.75556710137,0,0,1,0
run-20251017-171201,179,2025-09-21 11:30:00,115522.31,115691.18,115522.31,115655.45,89.6986,115617.65863789394,115639.49672962792,146.72999999999905,115648.15269146506,115859.88221016267,0,0,1,0
run-20251017-171201,180,2025-09-21 12:00:00,115655.44,115694.74,115603.44,115603.45,66.83222,115614.81691031516,115636.2197542072,147.45285714285689,115647.87802084108,115855.63138349674,0,0,1,0
run-20251017-171201,181,2025-09-21 12:30:00,115603.45,115745.34,115603.44,115717.54,76.959,115635.36152825214,115643.61250382473,152.4335714285709,115652.09255979986,115852.5983772148,0,0,1,0
run-20251017-171201,182,2025-09-21 13:00:00,115717.55,115747.23,115683.59,115683.59,106.99071,115645.00722260171,115647.24682165885,146.72928571428514,115656.35092505938,115849.73190901423,0,0,1,0
run-20251017-171201,183,2025-09-21 13:30:00,115683.59,115729.23,115674.39,115713.99,79.33159,115658.80377808138,115653.31438332623,141.79571428571322,115660.58631721167,115846.99259347226,1,0,1,0
run-20251017-171201,184,2025-09-21 14:00:00,115713.99,115747.06,115645.2,115661.65,56.97403,115659.37302246511,115654.0721666602,142.04499999999825,115660.04868420809,115843.16057954247,0,0,1,0
run-20251017-171201,185,2025-09-21 14:30:00,115661.65,115691.15,115554.24,115572.67,74.49577,115642.03241797209,115646.6719696911,146.26499999999734,115657.16618638356,115838.80751640952,0,0,1,0
run-20251017-171201,186,2025-09-21 15:00:00,115572.67,115686.78,115500.0,115500.01,118.33239,115613.62793437767,115633.33906335555,145.25071428571184,115651.34093560436,115833.73530896101,0,0,1,1
run-20251017-171201,187,2025-09-21 15:30:00,115500.0,115574.57,115500.0,115500.0,64.62113,115590.90234750214,115621.21733032323,134.47571428571246,115641.52816085586,115827.60384966127,0,0,1,0
run-20251017-171201,188,2025-09-21 16:00:00,115500.01,115599.6,115473.19,115531.61,93.61578,115579.04387800171,115613.07120938475,137.88142857142728,115634.68011311608,115822.16209773115,0,0,1,0
run-20251017-171201,189,2025-09-21 16:30:00,115531.62,115549.9,115371.72,115402.79,89.62009,115543.79310240138,115593.95473580432,137.94214285714094,115619.4448948834,115814.53655731917,0,0,1,0
run-20251017-171201,190,2025-09-21 17:00:00,115402.8,115402.8,115209.02,115316.0,150.3682,115498.23448192111,115568.68612345846,124.96214285714086,115596.43862076703,115804.75020089594,0,0,1,1
run-20251017-171201,191,2025-09-21 17:30:00,115316.01,115489.29,115249.94,115400.0,143.06926,115478.5875855369,115553.35102132587,134.3914285714262,115580.31646615213,115796.46956030001,0,0,1,1
run-20251017-171201,192,2025-09-21 18:00:00,115400.0,115629.58,115360.0,115628.18,91.49667,115508.50606842952,115560.15365575078,144.854999999998,115575.73562292628,115790.97719307545,0,0,1,0
run-20251017-171201,193,2025-09-21 18:30:00,115628.19,115665.52,115523.2,115523.2,79.76016,115511.44485474362,115556.7942325007,142.95857142857025,115575.64950812995,115786.70849639815,0,0,1,0
run-20251017-171201,194,2025-09-21 19:00:00,115523.21,115586.84,115513.98,115530.9,94.11305,115515.3358837949,115554.44021136427,141.64142857142724,115572.24058785853,115781.65148055402,0,0,1,0
run-20251017-171201,195,2025-09-21 19:30:00,115530.89,115530.9,115318.02,115518.43,90.75743,115515.95470703593,115551.1665557857,146.71142857142695,115561.63324546264,115774.74774637807,0,0,1,0
run-20251017-171201,196,2025-09-21 20:00:00,115518.44,115518.44,115449.08,115480.05,41.9316,115508.77376562875,115544.70141435064,147.11999999999847,115554.19389556165,115768.60739596344,0,0,1,0
run-20251017-171201,197,2025-09-21 20:30:00,115480.05,115503.47,115363.28,115503.47,49.78909,115507.71301250301,115540.95310395512,153.21642857142746,115546.12526076261,115762.2674376265,0,0,1,0
run-20251017-171201,198,2025-09-21 21:00:00,115503.47,115503.47,115307.51,115307.51,43.76598,115467.67241000241,115519.73100359557,159.93785714285644,115531.12949292235,115754.13902768366,0,0,1,0
run-20251017-171201,199,2025-09-21 21:30:00,115307.52,115330.19,115250.01,115250.01,47.71549,115424.13992800194,115495.2109123596,155.8857142857149,115511.9133073843,115744.78404582315,0,0,1,0
run-20251017-171201,200,2025-09-21 22:00:00,115250.02,115434.53,115250.01,115405.48,53.65891,115420.40794240157,115487.05355669055,155.7242857142867,115504.07365283725,115738.15536047729,0,0,1,0
run-20251017-171201,201,2025-09-21 22:30:00,115405.48,115484.0,115188.0,115305.46,89.67669,115397.41835392127,115470.54505153686,171.54071428571478,115485.75341809391,115728.79038217523,0,0,1,0
run-20251017-171201,202,2025-09-21 23:00:00,115305.47,115545.43,115273.07,115538.9,64.63052,115425.71468313702,115476.75913776078,181.96571428571355,115488.65357048962,115724.72005407097,0,0,1,0
run-20251017-171201,203,2025-09-21 23:30:00,115538.91,115538.91,115200.0,115316.39,94.76292,115403.84974650963,115462.18012523706,193.44642857142858,115474.79045857195,115716.47314723064,0,0,1,0
run-20251017-171201,204,2025-09-22 00:00:00,115316.4,115337.76,115220.02,115232.29,102.23376,115369.53779720771,115441.28102294277,188.01499999999942,115457.41311458334,115707.21748777213,0,0,1,0
run-20251017-171201,205,2025-09-22 00:30:00,115232.29,115379.25,115132.47,115169.88,140.99183,115329.60623776619,115416.60820267524,188.54571428571424,115439.2892457188,115697.61946915335,0,0,1,1
run-20251017-171201,206,2025-09-22 01:00:00,115169.88,115169.88,114290.16,114407.28,1055.14502,115145.14099021297,115324.85109334113,232.1271428571428,115376.49723143825,115676.39933214383,0,0,1,1
run-20251017-171201,207,2025-09-22 01:30:00,114407.28,114677.68,114288.69,114649.9,397.55188,115046.09279217037,115263.49190303739,249.74642857142732,115319.63908984361,115655.81491478498,0,0,1,1
run-20251017-171201,208,2025-09-22 02:00:00,114649.9,114750.0,114250.98,114273.45,263.09855,114891.56423373631,115173.48809367034,280.1864285714276,115251.80923287755,115631.74042227668,0,0,1,1
run-20251017-171201,209,2025-09-22 02:30:00,114273.44,114618.89,114273.44,114516.53,546.54627,114816.55738698905,115113.76463060941,289.65571428571377,115189.64385549366,115608.18631129376,0,0,1,1
run-20251017-171201,210,2025-09-22 03:00:00,114516.53,114516.53,114150.0,114187.81,348.5888,114690.80790959125,115029.58693691765,310.88214285714224,115116.33530066909,115581.03493313395,0,0,1,1
run-20251017-171201,211,2025-09-22 03:30:00,114187.8,114455.05,114187.8,114455.05,194.49455,114643.656327673,114977.35630628877,319.95785714285637,115059.59357051383,115557.19792101775,0,0,1,1
run-20251017-171201,212,2025-09-22 04:00:00,114455.05,114654.36,114326.89,114649.89,132.17363,114644.90306213842,114947.5866420807,329.3514285714274,115023.32303068195,115537.98549318641,0,0,1,1
run-20251017-171201,213,2025-09-22 04:30:00,114649.89,114649.9,114418.8,114505.73,110.16119,114617.06844971073,114907.417856437,340.1314285714262,114981.19801486634,115516.93727768312,0,0,1,1
run-20251017-171201,214,2025-09-22 05:00:00,114505.74,114571.26,114397.32,114433.53,97.84947,114580.36075976859,114864.33714221545,339.3757142857108,114938.24041280051,115495.26313738595,0,0,1,0
run-20251017-171201,215,2025-09-22 05:30:00,114433.53,114551.8,114360.0,114530.01,252.95884,114570.29060781488,114833.9437656504,331.93285714285383,114902.14833184698,115474.920350576,0,0,1,1
run-20251017-171201,216,2025-09-22 06:00:00,114530.01,114530.01,113623.0,113691.19,500.83702,114394.47048625191,114730.05705968218,377.2649999999973,114833.0271144808,115445.87320074158,0,0,1,1
run-20251017-171201,217,2025-09-22 06:30:00,113691.18,113698.38,111800.0,112791.58,4078.10539,114073.89238900154,114553.83187243834,488.6557142857117,114684.3154640017,115395.47451901113,0,0,1,1
run-20251017-171201,218,2025-09-22 07:00:00,112791.59,113029.93,112677.55,112800.77,1121.02258,113819.26791120126,114394.4626113076,505.41571428571166,114545.02056480896,115345.54334019852,0,0,1,1
run-20251017-171201,219,2025-09-22 07:30:00,112800.77,112876.15,112564.37,112773.17,482.10958,113610.04832896101,114247.072373916,510.0585714285688,114406.083181894,115293.90224982555,0,0,1,1
run-20251017-171201,220,2025-09-22 08:00:00,112773.17,112999.0,112476.17,112519.99,647.75882,113392.03666316882,114090.06488537817,484.566428571426,114278.832771906,115243.6228636752,0,0,1,1
run-20251017-171201,221,2025-09-22 08:30:00,112520.0,112750.0,112452.0,112629.98,503.12622,113239.62533053507,113957.32989579834,478.06714285714094,114152.23547302821,115191.91819520314,0,0,1,1
run-20251017-171201,222,2025-09-22 09:00:00,112629.99,112780.0,112539.64,112629.07,306.88792,113117.51426442806,113836.5789961803,459.59142857142643,114038.13419867003,115141.95965763816,0,0,1,1
run-20251017-171201,223,2025-09-22 09:30:00,112629.06,112662.87,112321.02,112396.15,283.61966,112973.24141154245,113705.63090561844,459.3342857142831,113912.92560976808,115087.86289206032,0,0,1,1
run-20251017-171201,224,2025-09-22 10:00:00,112396.16,112480.0,112173.52,112336.62,936.27692,112845.91712923397,113581.17536874404,455.04499999999723,113791.24245638339,115033.25986060943,0,0,1,1
run-20251017-171201,225,2025-09-22 10:30:00,112336.62,112691.43,112262.22,112562.28,335.46799,112789.1897033872,113488.54851704002,466.61357142856804,113695.48855739197,114984.00273112037,0,0,1,1
run-20251017-171201,226,2025-09-22 11:00:00,112562.27,112848.33,112387.33,112792.16,187.73789,112789.78376270976,113425.24047003638,476.15142857142513,113614.1139816602,114937.48581953661,0,0,1,1
run-20251017-171201,227,2025-09-22 11:30:00,112792.16,112976.02,112785.1,112795.31,289.68103,112790.88901016783,113367.97406366943,473.28142857142564,113555.29821221303,114896.15128139082,0,0,1,1
run-20251017-171201,228,2025-09-22 12:00:00,112795.3,112899.98,112683.49,112876.97,209.43282,112808.10520813426,113323.33733060857,476.3207142857115,113496.6812024312,114854.47998055391,0,0,1,1
run-20251017-171201,229,2025-09-22 12:30:00,112876.97,112876.97,112570.12,112576.32,240.47107,112761.74816650743,113255.42666418961,484.5385714285689,113429.91090620427,114810.41472760368,0,0,1,1
run-20251017-171201,230,2025-09-22 13:00:00,112576.31,112832.23,112520.0,112738.65,263.58025,112757.12853320595,113208.4469674451,442.05428571428325,113370.40344705747,114767.72938560515,0,0,1,1
run-20251017-171201,231,2025-09-22 13:30:00,112738.64,112969.42,112665.82,112946.72,409.09885,112795.04682656477,113184.65360676826,328.14142857142514,113337.94777254325,114731.70280139972,0,0,1,1
run-20251017-171201,232,2025-09-22 14:00:00,112946.72,113148.29,112380.0,113130.63,404.62869,112862.16346125182,113179.74236978932,357.84928571428253,113301.50475273986,114694.6388183023,0,0,1,1
run-20251017-171201,233,2025-09-22 14:30:00,113130.63,113432.76,113050.6,113382.53,716.93835,112966.23676900147,113198.17760889938,362.8764285714247,113299.22025810397,114666.43082655354,0,0,1,1
run-20251017-171201,234,2025-09-22 15:00:00,113382.52,113428.0,112754.15,112933.16,669.20813,112959.62141520118,113174.08509899944,373.6635714285679,113273.09439435125,114632.63809911504,0,0,1,1
run-20251017-171201,235,2025-09-22 15:30:00,112933.16,113024.23,112592.62,112666.69,340.17321,112901.03513216095,113127.95827181767,383.20714285713933,113234.17434096015,114595.72486282654,0,0,1,1
run-20251017-171201,236,2025-09-22 16:00:00,112666.7,112917.57,112576.42,112815.5,269.4039,112883.92810572877,113099.5529743797,390.40642857142564,113197.0934381566,114559.19585487475,0,0,1,1
run-20251017-171201,237,2025-09-22 16:30:00,112815.5,112888.0,112660.24,112742.11,187.07999,112855.56448458302,113067.058158527,382.25714285714014,113164.47621876742,114523.83399789351,0,0,1,1
run-20251017-171201,238,2025-09-22 17:00:00,112742.12,112823.85,112585.87,112600.68,171.92006,112804.58758766642,113024.66014411545,377.36428571428405,113129.53213427935,114487.95108612612,0,0,1,1
run-20251017-171201,239,2025-09-22 17:30:00,112600.69,112622.95,112250.89,112400.88,380.04838,112723.84607013315,112967.95285828678,373.2821428571416,113069.97687597258,114445.70189256902,0,0,1,1
run-20251017-171201,240,2025-09-22 18:00:00,112400.88,112557.97,112323.3,112398.66,215.04642,112658.80885610652,112916.19896207888,357.1157142857129,113021.20729688974,114405.91265928136,0,0,1,1
run-20251017-171201,241,2025-09-22 18:30:00,112398.65,112733.12,112345.54,112675.13,201.95724,112662.07308488523,112894.28360188988,371.162857142856,112991.78656664063,114370.90597658973,0,0,1,1
run-20251017-171201,242,2025-09-22 19:00:00,112675.13,112816.55,112405.01,112429.13,268.09179,112615.48446790819,112851.99691080899,385.09500000000014,112960.08412399236,114335.47896930596,0,0,1,1
run-20251017-171201,243,2025-09-22 19:30:00,112429.12,112600.87,112423.9,112449.31,386.68297,112582.24957432656,112815.38900982635,375.81785714285695,112925.30726709176,114299.30615290428,0,0,1,1
run-20251017-171201,244,2025-09-22 20:00:00,112449.32,112471.18,111936.4,112122.9,920.69068,112490.37965946125,112752.4354634785,391.7142857142857,112858.68965332078,114254.92428408116,0,0,1,1
run-20251017-171201,245,2025-09-22 20:30:00,112122.9,112295.64,111975.28,112280.01,296.79584,112448.30572756901,112709.48769407136,392.9114285714292,112808.43540085475,114214.31267032743,0,0,1,1
run-20251017-171201,246,2025-09-22 21:00:00,112280.01,112977.41,112280.0,112781.88,300.04421,112515.02058205522,112716.06881279213,387.8485714285728,112800.34202900894,114184.36616117514,0,0,1,1
run-20251017-171201,247,2025-09-22 21:30:00,112781.87,112867.03,112602.79,112699.74,192.96405,112551.96446564418,112714.58437526556,379.4257142857168,112794.09089259918,114155.35648990613,0,0,1,1
run-20251017-171201,248,2025-09-22 22:00:00,112699.75,112970.0,112690.24,112969.99,100.34751,112635.56957251536,112737.80306842324,351.2764285714303,112804.27549908907,114131.01095756968,0,0,1,0
run-20251017-171201,249,2025-09-22 22:30:00,112969.99,112970.0,112653.89,112653.9,194.60366,112639.2356580123,112730.1755167484,343.0264285714303,112796.46455721371,114102.74294623196,0,0,1,1
run-20251017-171201,250,2025-09-22 23:00:00,112653.89,112687.72,112594.33,112643.25,95.00349,112640.03852640986,112722.27319704399,325.3292857142868,112785.00662893892,114073.92733481181,0,0,1,0
run-20251017-171201,251,2025-09-22 23:30:00,112643.25,112714.39,112592.2,112629.99,49.81235,112638.0288211279,112713.88381549453,317.78857142857305,112775.34865670218,114045.9265940418,0,0,1,0
run-20251017-171201,252,2025-09-23 00:00:00,112630.0,112739.14,112592.43,112650.99,85.4986,112640.62105690232,112708.16619590411,311.26928571428704,112765.6883217001,114018.27915771019,0,0,1,0
run-20251017-171201,253,2025-09-23 00:30:00,112650.99,112833.09,112498.1,112747.72,206.60894,112662.04084552187,112711.76199627646,308.6214285714294,112756.85814702112,113991.17270128167,0,0,1,1
run-20251017-171201,254,2025-09-23 01:00:00,112747.72,112760.92,112385.23,112395.32,194.31201,112608.6966764175,112682.9945420695,318.6942857142868,112735.92009650046,113961.36654794325,0,0,1,1
run-20251017-171201,255,2025-09-23 01:30:00,112395.32,112502.29,112307.01,112494.12,187.35369,112585.78134113402,112665.82412915409,304.9585714285723,112711.84926247504,113930.88060803202,0,0,1,1
run-20251017-171201,256,2025-09-23 02:00:00,112494.12,112498.51,112138.88,112156.66,252.3122,112499.95707290721,112619.53648104917,301.2507142857139,112673.27850795946,113896.82553101843,0,0,1,1
run-20251017-171201,257,2025-09-23 02:30:00,112156.66,112487.38,112020.11,112020.12,323.78366,112403.98965832578,112565.04407368107,321.9864285714284,112637.47077186107,113863.43314853251,0,0,1,1
run-20251017-171201,258,2025-09-23 03:00:00,112020.12,112116.84,111674.0,111811.88,393.69047,112285.56772666064,112496.57461243734,315.41928571428537,112582.2501973235,113824.96951944349,0,0,1,1
run-20251017-171201,259,2025-09-23 03:30:00,111811.88,112404.92,111478.0,112309.25,582.36594,112290.30418132852,112479.54510221576,358.7449999999995,112542.45175077808,113790.03886585684,0,0,1,1
run-20251017-171201,260,2025-09-23 04:00:00,112309.25,112446.97,112204.0,112339.99,257.66891,112300.24134506284,112466.85827474161,326.28499999999934,112522.50559539339,113760.18102341023,0,0,1,1
run-20251017-171201,261,2025-09-23 04:30:00,112339.99,112469.21,112020.0,112020.01,217.73137,112244.19507605027,112426.23570431054,339.49714285714225,112488.08799482489,113726.8266787473,0,0,1,1
run-20251017-171201,262,2025-09-23 05:00:00,112020.0,112449.56,111876.15,112442.3,312.75043,112283.81606084022,112427.69609482776,360.4721428571429,112478.18532701829,113699.72253323116,0,0,1,1
run-20251017-171201,263,2025-09-23 05:30:00,112442.29,112777.76,112413.01,112777.75,362.67126,112382.60284867219,112459.51917711613,363.94642857142856,112495.79316807803,113680.04722899155,0,0,1,1
run-20251017-171201,264,2025-09-23 06:00:00,112777.76,112894.49,112660.0,112665.44,282.49133,112439.17027893776,112478.23925192376,374.02500000000043,112515.35353193208,113661.66006918874,0,0,1,1
run-20251017-171201,265,2025-09-23 06:30:00,112665.44,112902.68,112616.93,112879.98,204.25902,112527.33222315021,112514.7611381125,385.7078571428574,112538.30104197192,113644.85083487893,1,0,1,1
run-20251017-171201,266,2025-09-23 07:00:00,112879.98,113111.89,112864.43,112974.96,370.7323,112616.85777852018,112556.5973982841,392.90428571428595,112569.9651294789,113631.08604767309,0,0,1,1
run-20251017-171201,267,2025-09-23 07:30:00,112974.97,113080.0,112882.48,112944.52,431.65856,112682.39022281615,112591.86308934918,383.08500000000123,112599.58545785423,113617.7052814015,0,0,1,1
run-20251017-171201,268,2025-09-23 08:00:00,112944.52,113114.01,112908.25,113090.13,322.52211,112763.93817825292,112637.16008122652,370.94714285714355,112632.11012853058,113605.90021555856,0,0,1,1
run-20251017-171201,269,2025-09-23 08:30:00,113090.13,113177.72,112936.98,113105.41,384.65346,112832.23254260235,112679.72825566048,374.1942857142868,112667.10671995461,113595.62447950139,0,0,1,1
run-20251017-171201,270,2025-09-23 09:00:00,113105.41,113133.85,113037.56,113133.84,273.00993,112892.55403408188,112721.01114150952,355.3842857142881,112700.40060538679,113585.80200373096,0,0,1,1
run-20251017-171201,271,2025-09-23 09:30:00,113133.84,113281.5,113006.97,113007.67,248.76589,112915.57722726552,112747.07103773592,341.61714285714487,112733.85286948625,113576.92303679984,0,0,1,1
run-20251017-171201,272,2025-09-23 10:00:00,113007.66,113116.6,112888.0,112934.47,182.22633,112919.35578181242,112764.10730703265,326.3142857142884,112753.42961154805,113565.28672211854,0,0,1,1
run-20251017-171201,273,2025-09-23 10:30:00,112934.48,113000.0,112828.62,112906.55,199.55469,112916.79462544994,112777.05664275694,272.347142857146,112766.71068716912,113552.6368031142,0,0,1,1
run-20251017-171201,274,2025-09-23 11:00:00,112906.56,113006.56,112840.47,112969.32,183.32475,112927.29970035996,112794.53512977903,266.8557142857171,112777.43561702926,113539.81702730442,0,0,1,1
run-20251017-171201,275,2025-09-23 11:30:00,112969.32,112982.85,112683.33,112847.28,193.65937,112911.29576028798,112799.33011798094,256.1635714285741,112777.80785716543,113524.79689656897,0,0,1,1
run-20251017-171201,276,2025-09-23 12:00:00,112847.27,113081.35,112817.03,112975.99,149.38192,112924.23460823038,112815.39010725539,234.0857142857172,112796.08549213925,113514.72420487186,0,0,1,1
run-20251017-171201,277,2025-09-23 12:30:00,112975.99,113040.33,112834.47,112852.01,161.40258,112909.78968658432,112818.71918841398,222.73642857143153,112805.9612866691,113503.05926281853,0,0,1,1
run-20251017-171201,278,2025-09-23 13:00:00,112852.01,113049.9,112811.4,112941.02,181.58679,112916.03574926747,112829.8374440127,223.02285714285972,112818.38517081605,113492.46309860836,0,0,1,1
run-20251017-171201,279,2025-09-23 13:30:00,112941.01,112953.62,112840.71,112910.01,77.4994,112914.83059941398,112837.12585819335,210.67714285714464,112825.96894084173,113481.07043360287,0,0,1,0
run-20251017-171201,280,2025-09-23 14:00:00,112910.01,113024.31,112722.78,112952.31,348.52987,112922.32647953118,112847.59714381213,214.53928571428696,112829.7943279358,113469.06034160311,0,0,1,1
run-20251017-171201,281,2025-09-23 14:30:00,112952.32,113290.5,112800.0,112814.87,405.87314,112900.83518362495,112844.62194892012,235.46642857142953,112837.6442066028,113458.45887447897,0,0,1,1
run-20251017-171201,282,2025-09-23 15:00:00,112814.88,112880.68,112571.81,112652.91,307.22145,112851.25014689995,112827.19358992737,242.83142857142957,112829.51753173908,113444.0970086939,0,0,1,1
run-20251017-171201,283,2025-09-23 15:30:00,112652.91,113072.89,112496.61,112969.64,307.41012,112874.92811751997,112840.14326357032,266.79857142857196,112839.52190453885,113434.50069357907,0,0,1,1
run-20251017-171201,284,2025-09-23 16:00:00,112969.65,113000.0,112800.0,112882.19,159.30931,112876.38049401599,112843.96569415483,274.20642857142855,112841.76402645053,113423.29252014616,0,0,1,1
run-20251017-171201,285,2025-09-23 16:30:00,112882.2,112916.2,112486.37,112804.68,237.11514,112862.0403952128,112840.39426741347,285.2992857142859,112830.3788571733,113408.8118628328,0,0,1,1
run-20251017-171201,286,2025-09-23 17:00:00,112804.69,112958.58,112511.08,112823.63,293.95461,112854.35831617026,112838.87024310316,300.9349999999998,112821.13184777898,113394.94234994287,0,0,1,1
run-20251017-171201,287,2025-09-23 17:30:00,112823.62,112823.62,112380.94,112395.09,223.75989,112762.5046529362,112798.52658463923,320.3142857142853,112794.63857228655,113376.78224202589,0,0,1,1
run-20251017-171201,288,2025-09-23 18:00:00,112395.08,112416.26,111888.0,111957.76,363.86357,112601.55572234896,112722.09325876294,346.1835714285709,112733.17982009228,113349.43956997272,0,0,1,1
run-20251017-171201,289,2025-09-23 18:30:00,111957.76,112200.0,111766.0,112010.41,416.09793,112483.32657787917,112657.39478069358,355.78928571428486,112681.32194080797,113323.89700825451,0,0,1,1
run-20251017-171201,290,2025-09-23 19:00:00,112010.4,112010.4,111686.9,111780.1,294.30734,112342.68126230335,112577.64070972143,360.0171428571422,112609.97340249135,113292.79142258575,0,0,1,1
run-20251017-171201,291,2025-09-23 19:30:00,111780.09,111979.27,111734.43,111771.28,243.30053,112228.4010098427,112504.33519065584,362.80142857142863,112549.15993055815,113263.62451339864,0,0,1,1
run-20251017-171201,292,2025-09-23 20:00:00,111771.29,111810.0,111540.2,111655.29,321.78291,112113.77880787417,112427.14926423258,365.0371428571431,112478.94715619767,113231.39013675653,0,0,1,1
run-20251017-171201,293,2025-09-23 20:30:00,111655.29,111949.49,111632.94,111650.0,183.55143,112021.02304629935,112356.49933112052,379.5828571428584,112422.3291203501,113201.93853433567,0,0,1,1
run-20251017-171201,294,2025-09-23 21:00:00,111650.01,111994.99,111458.73,111985.77,312.35821,112013.97243703948,112322.79666465502,396.34928571428776,112384.65292501368,113176.78260286199,0,0,1,1
run-20251017-171201,295,2025-09-23 21:30:00,111985.78,112074.65,111893.44,112074.65,176.3619,112026.10794963158,112300.23787695912,374.2571428571443,112358.0026885651,113154.2232414034,0,0,1,1
run-20251017-171201,296,2025-09-23 22:00:00,112074.65,112202.24,112055.46,112161.54,94.20624,112053.19435970527,112287.62897905373,362.6792857142874,112344.4294714513,113134.96757958506,0,0,1,0
run-20251017-171201,297,2025-09-23 22:30:00,112161.53,112211.83,112002.16,112002.16,117.00874,112042.98748776423,112261.6772536852,336.4928571428588,112323.51869317745,113113.95015170783,0,0,1,1
run-20251017-171201,298,2025-09-23 23:00:00,112002.17,112213.95,112002.16,112159.23,114.70752,112066.2359902114,112252.36386698653,337.33500000000123,112311.85842457482,113095.29953064979,0,0,1,1
run-20251017-171201,299,2025-09-23 23:30:00,112159.24,112220.54,111879.73,111897.0,147.62701,112032.38879216913,112220.05806089684,330.9764285714295,112288.6741397171,113073.85020354108,0,0,1,1
run-20251017-171201,300,2025-09-24 00:00:00,111896.99,112107.0,111896.99,111998.8,94.99613,112025.67103373533,112199.9436917244,314.0128571428577,112269.39365223405,113053.34932775007,0,0,1,0
run-20251017-171201,301,2025-09-24 00:30:00,111998.8,112380.0,111816.86,112293.23,289.61819,112079.18282698828,112208.424265204,322.6164285714289,112261.3473890865,113035.71483696518,0,0,1,1
run-20251017-171201,302,2025-09-24 01:00:00,112293.23,112346.96,112161.79,112230.72,167.75309,112109.49026159063,112210.45115018544,298.1100000000016,112258.48519846085,113019.642141993,0,0,1,1
run-20251017-171201,303,2025-09-24 01:30:00,112230.73,112407.7,112140.0,112399.45,141.63076,112167.48220927251,112227.63286380495,286.23142857143,112266.30233814091,113006.57124539156,0,0,1,1
run-20251017-171201,304,2025-09-24 02:00:00,112399.45,112500.0,112352.7,112451.26,122.31969,112224.237767418,112247.96260345903,273.64500000000095,112276.89864432,112994.6272703337,0,0,1,1
run-20251017-171201,305,2025-09-24 02:30:00,112451.25,112500.0,112024.78,112270.59,233.89532,112233.50821393442,112250.0196395082,290.10071428571456,112272.68759131577,112979.31606426786,0,0,1,1
run-20251017-171201,306,2025-09-24 03:00:00,112270.58,112308.54,111896.43,112111.62,811.74546,112209.13057114754,112237.43785409836,300.26571428571435,112264.38681535915,112963.20226383187,0,0,1,1
run-20251017-171201,307,2025-09-24 03:30:00,112111.62,112223.15,111763.7,111785.25,610.03943,112124.35445691804,112196.32986736215,310.4728571428568,112242.97374997206,112943.91123561314,0,0,1,1
run-20251017-171201,308,2025-09-24 04:00:00,111785.26,112032.71,111683.09,111683.09,471.03115,112036.10156553444,112149.67169760194,297.14142857142826,112205.66970153131,112920.44780479484,0,0,1,1
run-20251017-171201,309,2025-09-24 04:30:00,111683.1,112039.29,111042.66,112021.4,901.07687,112033.16125242756,112138.01063418358,355.38571428571385,112170.9386441279,112897.26920070495,0,0,1,1
run-20251017-171201,310,2025-09-24 05:00:00,112021.41,112374.32,112021.4,112161.93,476.90636,112058.91500194205,112140.18512198507,370.1100000000006,112173.16069379127,112883.47048085733,0,0,1,1
run-20251017-171201,311,2025-09-24 05:30:00,112161.94,112418.05,112133.83,112343.62,198.32685,112115.85600155365,112158.6792018046,375.4350000000008,112182.2793332537,112871.73778452097,0,0,1,1
run-20251017-171201,312,2025-09-24 06:00:00,112343.61,112666.74,112264.68,112636.84,282.63057,112220.05280124293,112202.1483652769,389.0257142857164,112211.71304849756,112865.64344854868,1,0,1,1
run-20251017-171201,313,2025-09-24 06:30:00,112636.85,112779.37,112535.78,112634.5,276.81959,112302.94224099434,112241.45305934263,382.0814285714306,112247.93275257312,112862.03651558072,0,0,1,1
run-20251017-171201,314,2025-09-24 07:00:00,112634.49,112689.19,112545.87,112596.69,231.7474,112361.69179279548,112273.74732667512,377.3178571428601,112273.71980735412,112856.51292625214,0,0,1,1
run-20251017-171201,315,2025-09-24 07:30:00,112596.7,112742.06,112459.44,112510.88,210.15549,112391.52943423639,112295.30484243193,357.2807142857169,112297.85811513159,112851.21207624838,0,0,1,1
run-20251017-171201,316,2025-09-24 08:00:00,112510.89,112619.99,112460.31,112583.54,328.02671,112429.93154738912,112321.50803857448,355.46000000000225,112319.64321200729,112845.86418879514,0,0,1,1
run-20251017-171201,317,2025-09-24 08:30:00,112583.54,112601.19,112405.62,112432.32,160.35017,112430.40923791131,112331.58185324952,350.3078571428601,112331.36186544772,112838.47403778313,0,0,1,1
run-20251017-171201,318,2025-09-24 09:00:00,112432.31,112636.85,112432.31,112622.8,208.97795,112468.88739032905,112358.05623022684,354.3964285714319,112352.0074890196,112833.74213534937,0,0,1,1
run-20251017-171201,319,2025-09-24 09:30:00,112622.81,112622.81,112501.38,112605.77,98.31194,112496.26391226324,112380.57566384258,329.12571428571704,112368.88348371243,112828.53855751023,0,0,1,0
run-20251017-171201,320,2025-09-24 10:00:00,112605.76,112837.42,112605.76,112735.06,149.0365,112544.0231298106,112412.80151258416,316.23642857143153,112397.22620699483,112826.73620791473,0,0,1,1
run-20251017-171201,321,2025-09-24 10:30:00,112735.05,112864.15,112669.23,112669.23,195.82435,112569.06450384848,112436.11319325832,297.3414285714316,112423.72463014019,112825.07710724071,0,0,1,1
run-20251017-171201,322,2025-09-24 11:00:00,112669.23,112960.0,112668.51,112941.98,207.01641,112643.6476030788,112482.1010847803,293.1892857142884,112458.5669653851,112826.08253171554,0,0,1,1
run-20251017-171201,323,2025-09-24 11:30:00,112941.99,113162.17,112930.88,113041.57,344.83195,112723.23208246304,112532.9618952548,238.5221428571458,112505.10140864654,112830.7953718588,0,0,1,1
run-20251017-171201,324,2025-09-24 12:00:00,113041.56,113077.33,112877.3,113029.46,203.37947,112784.47766597045,112578.09808659527,227.60142857143052,112545.70526803551,112834.80350587808,0,0,1,1
run-20251017-171201,325,2025-09-24 12:30:00,113029.45,113050.0,112944.0,113019.86,159.232,112831.55413277636,112618.25826054116,214.87142857143044,112582.71855000126,112838.61271345457,0,0,1,1
run-20251017-171201,326,2025-09-24 13:00:00,113019.86,113097.99,113009.75,113070.69,113.54537,112879.3813062211,112659.38841867379,192.45571428571566,112620.59116438025,112843.29990459431,0,0,1,0
run-20251017-171201,327,2025-09-24 13:30:00,113070.69,113150.0,112974.77,113056.26,174.96703,112914.7570449769,112695.4676533398,187.57285714285848,112652.38709945291,112847.07126016286,0,0,1,1
run-20251017-171201,328,2025-09-24 14:00:00,113056.26,113222.69,112808.0,112823.62,403.37256,112896.52963598153,112707.11786667255,206.95642857142957,112676.13636516203,112849.37380841341,0,0,1,1
run-20251017-171201,329,2025-09-24 14:30:00,112823.62,113176.0,112823.61,113149.17,310.7364,112947.05770878523,112747.30442424776,211.94000000000128,112712.53406872513,112855.31662302863,0,0,1,1
run-20251017-171201,330,2025-09-24 15:00:00,113149.17,113890.0,113115.67,113720.64,655.45294,113101.77416702818,112835.78947658888,255.8435714285723,112777.31048789277,112869.12021654309,0,0,1,1
run-20251017-171201,331,2025-09-24 15:30:00,113720.64,113883.68,113467.96,113650.15,344.28157,113211.44933362256,112909.82225144444,271.56857142857086,112838.18522161881,112882.95401042851,0,0,1,1
run-20251017-171201,332,2025-09-24 16:00:00,113650.15,113708.15,113257.01,113346.41,373.4628,113238.44146689806,112949.51204676766,289.18285714285594,112890.8939781264,112895.69471763025,0,0,1,1
run-20251017-171201,333,2025-09-24 16:30:00,113346.4,113585.7,113163.21,113568.94,261.70582,113304.54117351846,113005.8236788797,310.6871428571415,112932.29049653269,112906.21768403941,0,1,1,1
run-20251017-171201,334,2025-09-24 17:00:00,113568.95,113753.0,113520.0,113732.01,185.97371,113390.03493881477,113071.84061716335,310.7828571428555,112991.70429149365,112922.02591236963,0,1,1,1
run-20251017-171201,335,2025-09-24 17:30:00,113732.01,113911.95,113616.0,113771.11,153.97485,113466.24995105184,113135.4105610576,317.999285714284,113054.98546092896,112939.71491635728,0,1,1,1
run-20251017-171201,336,2025-09-24 18:00:00,113771.11,113940.0,113670.83,113761.3,207.91428,113525.25996084147,113192.30960096145,316.4049999999978,113112.6369748906,112956.85693628043,0,1,1,1
run-20251017-171201,337,2025-09-24 18:30:00,113761.31,113830.66,113524.2,113688.2,113.05331,113557.84796867319,113237.39054632859,321.7742857142844,113154.47097143882,112970.70508536031,0,1,1,0
run-20251017-171201,338,2025-09-24 19:00:00,113688.2,113722.3,113512.53,113639.8,89.56118,113574.23837493856,113273.97322393509,322.46999999999906,113192.18335348889,112984.05710713482,0,1,1,0
run-20251017-171201,339,2025-09-24 19:30:00,113639.8,113682.46,113485.91,113497.95,116.67544,113558.98069995086,113294.33474903188,328.93785714285644,113219.61821288998,112995.25876190308,0,1,1,0
run-20251017-171201,340,2025-09-24 20:00:00,113497.95,113507.45,113292.25,113420.01,189.83726,113531.18655996068,113305.75977184717,338.0064285714273,113231.87114538596,113002.84432935136,0,1,1,1
run-20251017-171201,341,2025-09-24 20:30:00,113420.0,113600.0,113401.99,113551.19,119.29714,113535.18724796856,113328.07161077014,339.63357142857006,113255.65568630207,113013.50132686428,0,1,1,0
run-20251017-171201,342,2025-09-24 21:00:00,113551.19,113609.25,113438.4,113501.52,114.08195,113528.45379837486,113343.83964615468,322.21642857142746,113276.02860546377,113023.5485296194,0,1,1,0
run-20251017-171201,343,2025-09-24 21:30:00,113501.52,113584.02,113473.76,113578.09,86.60824,113538.3810386999,113365.13513286789,304.9214285714282,113299.47821673147,113034.58759638271,0,1,1,0
run-20251017-171201,344,2025-09-24 22:00:00,113578.08,113578.09,113283.99,113339.63,187.83629,113498.63083095993,113362.81648442535,270.61928571428456,113302.79131809776,113040.6868994419,0,1,1,1
run-20251017-171201,345,2025-09-24 22:30:00,113339.63,113647.58,113339.63,113485.01,149.68228,113495.90666476794,113373.92498584122,262.9214285714282,113322.60513446855,113051.0022500631,0,1,1,1
run-20251017-171201,346,2025-09-24 23:00:00,113485.01,113511.84,113250.59,113336.33,118.89206,113463.99133181437,113370.50725985566,249.35785714285677,113324.86240978815,113056.9664192656,0,1,1,0
run-20251017-171201,347,2025-09-24 23:30:00,113336.34,113429.12,113217.09,113347.2,218.33991,113440.6330654515,113368.3884180506,234.32500000000022,113327.00804532925,113062.82538673146,0,1,1,1
run-20251017-171201,348,2025-09-25 00:00:00,113347.21,113347.21,113204.71,113307.0,199.32361,113413.9064523612,113362.80765277328,227.8607142857145,113322.14788036738,113066.791922476,0,1,1,1
run-20251017-171201,349,2025-09-25 00:30:00,113307.01,113510.23,113125.26,113131.0,246.16022,113357.32516188896,113341.73422979389,234.2192857142862,113320.59940821303,113071.50142130077,0,1,1,1
run-20251017-171201,350,2025-09-25 01:00:00,113131.0,113295.0,112960.0,113062.35,320.92564,113298.33012951117,113316.33566344899,238.9214285714292,113305.69181819282,113072.61446560561,0,1,1,1
run-20251017-171201,351,2025-09-25 01:30:00,113062.35,113369.98,112922.67,113079.98,316.90595,113254.66010360894,113294.84878495363,248.98214285714286,113295.45790675931,113074.62239579338,0,1,1,1
run-20251017-171201,352,2025-09-25 02:00:00,113079.98,113079.99,112446.15,112661.24,822.39103,113135.97608288717,113237.24798632148,279.2728571428576,113248.15106271785,113066.81864250425,0,1,1,1
run-20251017-171201,353,2025-09-25 02:30:00,112661.24,112908.0,112510.06,112734.99,364.5836,113055.77886630975,113191.58816938316,293.6578571428576,113206.22705174377,113059.60337421874,0,1,1,1
run-20251017-171201,354,2025-09-25 03:00:00,112734.99,113179.94,112734.99,112907.38,205.29779,113026.09909304781,113165.75106307559,310.0685714285719,113183.50650182115,113056.65680261471,0,1,1,1
run-20251017-171201,355,2025-09-25 03:30:00,112907.38,112907.39,112337.21,112364.74,295.84884,112893.82727443826,113092.93187552325,336.6521428571432,113134.82367200022,113046.6881587175,0,1,1,1
run-20251017-171201,356,2025-09-25 04:00:00,112364.75,112612.96,112214.74,112546.21,477.50111,112824.30381955061,113043.22988683931,352.89285714285717,113085.47468530279,113035.70898723726,0,1,1,1
run-20251017-171201,357,2025-09-25 04:30:00,112546.22,112614.43,111714.01,111942.8,665.81336,112648.0030556405,112943.19080621755,409.33285714285637,113010.31387905114,113017.38920530639,0,0,1,1
run-20251017-171201,358,2025-09-25 05:00:00,111942.8,111942.81,111584.23,111735.66,671.73973,112465.5344445124,112833.41527837959,413.9385714285714,112918.4548187627,112993.61796191528,0,0,1,1
run-20251017-171201,359,2025-09-25 05:30:00,111735.67,112040.0,111597.86,111981.99,443.58022,112368.82555560993,112756.01298034507,423.52357142857153,112841.39868506313,112972.2663515707,0,0,1,1
run-20251017-171201,360,2025-09-25 06:00:00,111981.99,111982.0,111643.79,111749.91,261.96241,112245.04244448796,112664.54907304098,429.02071428571486,112758.52075464692,112948.33652703032,0,0,1,1
run-20251017-171201,361,2025-09-25 06:30:00,111749.91,111843.3,111555.0,111699.98,218.03047,112136.02995559038,112576.8609754918,434.4685714285723,112673.13463741148,112922.5736656748,0,0,1,1
run-20251017-171201,362,2025-09-25 07:00:00,111699.99,111800.0,111515.87,111533.26,153.93612,112015.47596447231,112481.98815953798,444.58500000000123,112588.97540346981,112895.97560690054,0,0,1,0
run-20251017-171201,363,2025-09-25 07:30:00,111533.26,111875.0,111450.42,111860.41,333.83624,111984.46277157785,112425.48105412544,447.41428571428696,112523.47258890081,112872.99099697701,0,0,1,1
run-20251017-171201,364,2025-09-25 08:00:00,111860.41,111883.23,111724.15,111766.72,181.31095,111940.91421726228,112365.59368556859,434.8485714285728,112467.71910263393,112851.72206557478,0,0,1,0
run-20251017-171201,365,2025-09-25 08:30:00,111766.73,112031.18,111766.72,112031.17,265.69999,111958.96537380983,112335.19153233508,421.7878571428581,112432.25574218536,112834.97829605275,0,0,1,1
run-20251017-171201,366,2025-09-25 09:00:00,112031.17,112031.18,111689.38,111727.21,272.21011,111912.61429904788,112279.92048394098,400.92785714285645,112379.55280929914,112813.43776941129,0,0,1,1
run-20251017-171201,367,2025-09-25 09:30:00,111727.2,112246.46,111722.36,112079.77,368.65371,111946.04543923831,112261.7249854009,409.9392857142853,112349.39881396665,112797.05299686783,0,0,1,1
run-20251017-171201,368,2025-09-25 10:00:00,112079.76,112135.69,111571.57,111571.58,403.14006,111871.15235139066,112198.98453218263,418.45142857142804,112299.41446840983,112775.35561518189,0,0,1,1
run-20251017-171201,369,2025-09-25 10:30:00,111571.58,111854.12,111525.81,111761.55,220.97385,111849.23188111253,112159.21775652966,401.1749999999998,112254.92817326107,112754.46290331474,0,0,1,1
run-20251017-171201,370,2025-09-25 11:00:00,111761.55,111819.0,111583.29,111648.19,213.44357,111809.02350489004,112112.76068775423,389.56714285714304,112206.94731410989,112732.21018920738,0,0,1,1
run-20251017-171201,371,2025-09-25 11:30:00,111648.19,111728.48,111420.0,111544.87,271.17534,111756.19280391204,112061.13426159475,347.2857142857143,112156.38262252127,112708.78922310838,0,0,1,1
run-20251017-171201,372,2025-09-25 12:00:00,111544.87,111582.8,111283.63,111348.0,272.46572,111674.55424312965,111996.30387417704,343.0421428571426,112096.96996411901,112682.56172432155,0,0,1,1
run-20251017-171201,373,2025-09-25 12:30:00,111347.99,111648.16,111125.76,111125.76,416.71295,111564.79539450373,111917.16352197912,348.77500000000043,112038.63599532863,112656.00849446445,0,0,1,1
run-20251017-171201,374,2025-09-25 13:00:00,111125.76,111656.81,111020.0,111111.0,641.55675,111474.03631560299,111843.87592907192,370.10357142857123,111977.46475385777,112628.0709187715,0,0,1,1
run-20251017-171201,375,2025-09-25 13:30:00,111111.01,111688.05,110852.5,111617.01,1544.75633,111502.63105248241,111823.25175370174,409.19285714285695,111936.86607997406,112604.68226663377,0,0,1,1
run-20251017-171201,376,2025-09-25 14:00:00,111617.01,111719.05,110629.99,111000.0,675.41229,111402.10484198593,111748.4106851834,466.68785714285644,111854.31166398221,112570.15778374209,0,0,1,1
run-20251017-171201,377,2025-09-25 14:30:00,111000.0,111722.81,110983.03,111499.52,529.19284,111421.58787358875,111725.78425925763,489.20214285714195,111819.24926767447,112546.9230819527,0,0,1,1
run-20251017-171201,378,2025-09-25 15:00:00,111499.53,111729.52,111355.81,111540.0,327.54263,111445.27029887101,111708.8947811433,504.5328571428566,111795.8567518979,112526.48248529514,0,0,1,1
run-20251017-171201,379,2025-09-25 15:30:00,111540.01,111587.75,110868.9,110945.67,309.41473,111345.35023909682,111639.51071013027,536.9892857142861,111744.50961219026,112498.84746269086,0,0,1,1
run-20251017-171201,380,2025-09-25 16:00:00,110945.68,111580.77,110914.99,111580.77,290.16976,111392.43419127745,111634.17064557297,560.1307142857155,111721.67939979579,112477.99088908742,0,0,1,1
run-20251017-171201,381,2025-09-25 16:30:00,111580.77,111672.58,111097.04,111116.0,269.27106,111337.14735302197,111587.06422324815,563.8050000000013,111690.62683541319,112455.07936335118,0,0,1,1
run-20251017-171201,382,2025-09-25 17:00:00,111115.99,111285.06,110904.91,110957.29,315.83375,111261.17588241758,111529.81202113468,550.664285714287,111639.46428751522,112426.78736783918,0,0,1,1
run-20251017-171201,383,2025-09-25 17:30:00,110957.28,110968.4,109863.75,109938.11,1536.97783,110996.56270593408,111385.11183739516,606.1171428571439,111517.00152799848,112379.69373960544,0,0,1,1
run-20251017-171201,384,2025-09-25 18:00:00,109938.12,110000.0,108654.0,108833.63,1362.72525,110563.97616474726,111153.15894308651,685.423571428572,111331.03029170487,112314.80039855735,0,0,1,1
run-20251017-171201,385,2025-09-25 18:30:00,108833.63,109645.28,108631.51,109442.99,902.32477,110339.77893179782,110997.68903916956,735.8014285714297,111177.53073832503,112255.75852833518,0,0,1,1
run-20251017-171201,386,2025-09-25 19:00:00,109443.0,109801.78,109262.51,109760.2,525.09814,110223.86314543826,110885.19003560868,752.9514285714301,111058.29168885753,112203.66134156584,0,0,1,1
run-20251017-171201,387,2025-09-25 19:30:00,109760.2,109973.4,109641.58,109819.34,826.74899,110142.95851635061,110788.29457782608,739.3385714285718,110957.55579582734,112155.01841705278,0,0,1,1
run-20251017-171201,388,2025-09-25 20:00:00,109819.34,109894.37,109302.54,109360.0,390.44467,109986.3668130805,110658.44961620551,736.1257142857149,110841.84918330699,112101.53841721015,0,0,1,1
run-20251017-171201,389,2025-09-25 20:30:00,109360.0,109482.62,109188.16,109357.92,227.77089,109860.67745046441,110540.21965109592,697.4764285714284,110723.49574360633,112046.09975990544,0,0,1,1
run-20251017-171201,390,2025-09-25 21:00:00,109357.92,109384.05,109057.06,109163.44,196.94731,109721.22996037154,110415.05786463266,643.0428571428575,110605.11554033018,111989.43137130309,0,0,1,0
run-20251017-171201,391,2025-09-25 21:30:00,109163.45,109666.3,109163.45,109318.83,191.37394,109640.74996829724,110315.40078602968,626.1200000000006,110511.64846302682,111937.97180700907,0,0,1,0
run-20251017-171201,392,2025-09-25 22:00:00,109318.83,109500.0,109074.11,109420.0,156.4806,109596.5999746378,110234.00071457244,629.8471428571429,110418.16023057571,111885.61590874897,0,0,1,0
run-20251017-171201,393,2025-09-25 22:30:00,109420.0,109587.99,109312.33,109480.55,145.75142,109573.38997971023,110165.50519506584,598.1907142857142,110347.9344227652,111838.48103567655,0,0,1,0
run-20251017-171201,394,2025-09-25 23:00:00,109480.55,109482.62,109261.02,109419.97,134.7884,109542.7059837682,110097.72926824167,566.4635714285707,110277.27024569752,111790.77138817919,0,0,1,0
run-20251017-171201,395,2025-09-25 23:30:00,109419.97,109685.72,109292.08,109447.34,346.05761,109523.63278701456,110038.60297112878,553.470714285713,110214.95810069963,111744.76121638782,0,0,1,1
run-20251017-171201,396,2025-09-26 00:00:00,109447.34,109447.35,108765.0,108994.49,700.21063,109417.80422961166,109943.68361011706,575.0564285714281,110124.45330249128,111691.17535630739,0,0,1,1
run-20251017-171201,397,2025-09-26 00:30:00,108994.49,109393.75,108946.22,109300.0,417.96628,109394.24338368933,109885.16691828823,528.1192857142856,110061.09625501021,111643.83647100639,0,0,1,1
run-20251017-171201,398,2025-09-26 01:00:00,109299.99,109614.67,108809.24,109472.13,450.78796,109409.82070695148,109847.61810753476,489.50714285714224,109990.83270598983,111594.30325606605,0,0,1,1
run-20251017-171201,399,2025-09-26 01:30:00,109472.12,109760.09,109313.17,109560.01,275.48183,109439.85856556118,109821.4719159407,449.0178571428561,109960.68630798983,111554.80064858474,0,0,1,1
run-20251017-171201,400,2025-09-26 02:00:00,109560.0,109762.59,109550.44,109680.4,176.67395,109487.96685244895,109808.64719630971,425.6521428571411,109937.98832967458,111517.38514652124,0,0,1,0
run-20251017-171201,401,2025-09-26 02:30:00,109680.39,109798.84,109566.32,109568.35,267.26602,109504.04348195916,109786.8019966452,418.55928571428376,109912.94863496683,111479.67588939353,0,0,1,1
run-20251017-171201,402,2025-09-26 03:00:00,109568.35,109750.0,109487.26,109621.7,230.02949,109527.57478556733,109771.79272422289,395.05285714285543,109890.4894550386,111442.86845117381,0,0,1,1
run-20251017-171201,403,2025-09-26 03:30:00,109621.7,109633.65,109344.0,109344.01,253.04051,109490.86182845387,109732.90338565718,394.7092857142842,109855.4376245858,111403.13001200304,0,0,1,1
run-20251017-171201,404,2025-09-26 04:00:00,109344.01,109635.8,109293.25,109580.01,251.9497,109508.69146276309,109719.00398696106,395.8207142857126,109828.1066192351,111365.42091001046,0,0,1,1
run-20251017-171201,405,2025-09-26 04:30:00,109580.0,109625.94,109408.93,109409.12,178.79525,109488.77717021047,109690.83271541914,375.4028571428561,109799.31343052039,111327.57851779225,0,0,1,0
run-20251017-171201,406,2025-09-26 05:00:00,109409.13,109409.13,109250.87,109338.01,136.54931,109458.62373616837,109658.75792310831,356.2864285714282,109760.84643086484,111287.39882436304,0,0,1,0
run-20251017-171201,407,2025-09-26 05:30:00,109338.02,109579.99,109318.38,109560.0,136.91617,109478.8989889347,109649.77993009846,355.2828571428566,109738.60330661535,111251.41599870304,0,0,1,0
run-20251017-171201,408,2025-09-26 06:00:00,109560.0,109560.0,109085.78,109252.79,234.84215,109433.67719114777,109613.68993645314,373.327142857143,109705.30645105091,111212.90150007771,0,0,1,1
run-20251017-171201,409,2025-09-26 06:30:00,109252.79,109624.16,109016.0,109482.62,376.76838,109443.46575291823,109601.77448768467,388.65000000000043,109680.42130295013,111176.60989392783,0,0,1,1
run-20251017-171201,410,2025-09-26 07:00:00,109482.62,109607.57,109309.14,109360.0,215.57267,109426.77260233459,109579.79498880423,361.2271428571434,109663.31930349222,111142.60875645248,0,0,1,0
run-20251017-171201,411,2025-09-26 07:30:00,109360.0,109593.49,109300.0,109300.0,344.8502,109401.41808186768,109554.35908073111,350.22428571428674,109645.2182036466,111108.69402401612,0,0,1,1
run-20251017-171201,412,2025-09-26 08:00:00,109300.0,109347.59,108913.0,109320.02,1431.60391,109385.13846549415,109533.05552793738,323.7357142857155,109606.08188656498,111069.58100356582,0,0,1,1
run-20251017-171201,413,2025-09-26 08:30:00,109320.02,109528.75,109304.72,109515.77,317.67772,109411.26477239534,109531.4841163067,307.8150000000013,109596.21708175415,111038.04966070667,0,0,1,1
run-20251017-171201,414,2025-09-26 09:00:00,109515.76,109607.5,109459.88,109567.2,258.10643,109442.45181791628,109534.73101482427,303.20571428571566,109595.22131229978,111009.24766796974,0,0,1,1
run-20251017-171201,415,2025-09-26 09:30:00,109567.2,109690.98,109442.04,109646.73,209.71787,109483.30745433304,109544.91274074934,304.3785714285737,109599.84361815908,110982.44077570531,0,0,1,0
run-20251017-171201,416,2025-09-26 10:00:00,109646.74,109682.96,109393.37,109568.72,231.61522,109500.38996346644,109547.07703704484,306.29642857143125,109591.6811869281,110952.9385757458,0,0,1,1
run-20251017-171201,417,2025-09-26 10:30:00,109568.72,109568.72,108976.92,109092.0,322.42501,109418.71197077315,109505.7063973135,327.87857142857473,109556.76637824466,110917.0062710851,0,0,1,1
run-20251017-171201,418,2025-09-26 11:00:00,109092.01,109140.0,108697.42,108895.0,412.67772,109313.96957661852,109450.18763392135,335.02357142857466,109503.43216230889,110876.3273018302,0,0,1,1
run-20251017-171201,419,2025-09-26 11:30:00,108894.99,108950.68,108620.07,108744.79,722.57236,109200.13366129482,109386.06057629213,343.1378571428587,109445.97276497642,110834.3485314665,0,0,1,1
run-20251017-171201,420,2025-09-26 12:00:00,108744.78,109200.0,108744.78,109133.5,200.66981,109186.80692903585,109363.10052390194,364.34928571428674,109418.49962656994,110799.76820164366,0,0,1,0
run-20251017-171201,421,2025-09-26 12:30:00,109133.5,109150.39,108824.82,109121.28,220.9401,109173.7015432287,109341.11683991086,368.91785714285754,109386.69198900208,110764.1906837279,0,0,1,1
run-20251017-171201,422,2025-09-26 13:00:00,109121.29,109579.0,108920.99,109372.68,642.42234,109213.49723458296,109343.98621810076,382.04571428571427,109390.32466189696,110737.86820242838,0,0,1,1
run-20251017-171201,423,2025-09-26 13:30:00,109372.68,109525.26,109083.5,109183.63,228.56237,109207.52378766637,109329.4083800916,370.15999999999934,109373.54085859848,110706.85918527677,0,0,1,1
run-20251017-171201,424,2025-09-26 14:00:00,109183.63,109779.73,109000.0,109669.73,763.43166,109299.9650301331,109360.34670917418,404.5385714285699,109393.71535620722,110685.64254934643,0,0,1,1
run-20251017-171201,425,2025-09-26 14:30:00,109669.72,109779.73,108928.42,109083.45,394.03668,109256.66202410648,109335.17428106743,444.38285714285513,109378.35619771379,110656.13869697948,0,0,1,1
run-20251017-171201,426,2025-09-26 15:00:00,109083.45,109124.29,108764.76,108836.0,506.41582,109172.52961928518,109289.7948009704,439.0214285714267,109339.28884687075,110620.78653001372,0,0,1,1
run-20251017-171201,427,2025-09-26 15:30:00,108836.0,109321.0,108802.04,109292.81,333.06135,109196.58569542816,109290.0689099731,460.0878571428558,109322.31443342433,110590.98692346906,0,0,1,1
run-20251017-171201,428,2025-09-26 16:00:00,109292.8,109358.5,109000.0,109027.78,153.05408,109162.82455634253,109266.2244636119,475.15071428571326,109309.13282378002,110562.50812297464,0,0,1,0
run-20251017-171201,429,2025-09-26 16:30:00,109027.79,109618.0,109027.78,109518.18,159.54642,109233.89564507402,109289.12951237445,499.5278571428561,109316.16903879118,110539.46575426152,0,0,1,0
run-20251017-171201,430,2025-09-26 17:00:00,109518.18,109545.21,109269.24,109460.01,131.83257,109279.11851605921,109304.6641021586,498.5549999999982,109322.90406079878,110516.9599993691,0,0,1,0
run-20251017-171201,431,2025-09-26 17:30:00,109460.0,110000.0,109392.35,109912.14,311.41685,109405.72281284738,109359.88918378054,499.68714285714043,109355.64617069508,110501.69807616188,1,0,1,1
run-20251017-171201,432,2025-09-26 18:00:00,109912.15,109979.99,109703.91,109899.99,315.59539,109504.57625027791,109408.9892579823,487.7942857142833,109399.18988690461,110490.22449825714,0,0,1,1
run-20251017-171201,433,2025-09-26 18:30:00,109900.0,110300.0,109828.33,110192.13,311.22154,109642.08700022234,109480.183870893,497.86999999999847,109452.44013781544,110482.3028696191,0,0,1,1
run-20251017-171201,434,2025-09-26 19:00:00,110192.14,110203.14,109700.0,109727.99,259.99975,109659.26760017787,109502.71170081182,501.2928571428555,109479.03527523833,110468.78010246743,0,0,1,1
run-20251017-171201,435,2025-09-26 19:30:00,109727.99,109727.99,109274.3,109274.31,326.16199,109582.2760801423,109481.94790982893,510.4442857142848,109472.82534250183,110447.6200801419,0,0,1,1
run-20251017-171201,436,2025-09-26 20:00:00,109274.31,109317.71,109030.41,109172.2,277.65408,109500.26086411385,109453.78900893539,483.96499999999963,109446.3170731822,110421.47795484518,0,0,1,1
run-20251017-171201,437,2025-09-26 20:30:00,109172.21,109303.63,109087.57,109152.76,153.71495,109430.76069129109,109426.4227353958,467.84357142857124,109429.03440703977,110397.73856315002,0,0,1,0
run-20251017-171201,438,2025-09-26 21:00:00,109152.75,109347.59,109126.67,109288.44,91.51509,109402.29655303288,109413.87885035982,427.92857142857144,109414.06548685218,110374.68561568535,0,0,1,0
run-20251017-171201,439,2025-09-26 21:30:00,109288.45,109479.98,109189.17,109465.6,112.40533,109414.95724242632,109418.58077305437,387.89285714285717,109417.74670278051,110356.61077712817,0,0,1,0
run-20251017-171201,440,2025-09-26 22:00:00,109465.6,109530.0,109311.29,109469.07,98.49476,109425.77979394105,109423.17070277671,377.83428571428624,109417.16011279354,110337.85094440862,1,0,1,0
run-20251017-171201,441,2025-09-26 22:30:00,109469.07,109575.52,109348.0,109500.11,88.4424,109440.64583515284,109430.16518434246,357.01714285714326,109424.28783191745,110321.45836661286,0,0,1,0
run-20251017-171201,442,2025-09-26 23:00:00,109500.12,109607.38,109489.17,109558.25,94.87633,109464.16666812229,109441.80925849314,339.85357142857225,109433.77368105875,110306.1326213766,0,0,1,0
run-20251017-171201,443,2025-09-26 23:30:00,109558.24,109558.25,109432.07,109555.06,59.64813,109482.34533449783,109452.10478044831,306.7078571428574,109440.47102968938,110290.57294322256,0,0,1,0
run-20251017-171201,444,2025-09-27 00:00:00,109555.06,109687.69,109555.05,109643.46,154.01001,109514.56826759828,109469.50070949846,296.47000000000014,109457.10176173941,110278.02640688492,0,0,1,0
run-20251017-171201,445,2025-09-27 00:30:00,109643.46,109660.88,109499.52,109590.42,165.12154,109529.73861407864,109480.49337227133,264.5921428571434,109467.50415606932,110264.45027892999,0,0,1,0
run-20251017-171201,446,2025-09-27 01:00:00,109590.42,109649.29,109472.23,109649.29,103.4323,109553.64889126291,109495.83852024667,257.519285714286,109474.93390185408,110250.55704304118,0,0,1,0
run-20251017-171201,447,2025-09-27 01:30:00,109649.29,109657.45,109433.28,109480.0,125.10333,109538.91911301034,109494.39865476971,239.84071428571457,109477.07547033895,110235.75694813182,0,0,1,0
run-20251017-171201,448,2025-09-27 02:00:00,109480.0,109521.78,109330.08,109431.92,105.1067,109517.51929040828,109488.71877706338,217.5950000000001,109469.76657604147,110218.83662688964,0,0,1,0
run-20251017-171201,449,2025-09-27 02:30:00,109431.92,109482.64,109324.42,109342.44,89.11917,109482.50343232663,109475.42070642124,196.49000000000004,109463.59532067497,110202.42897803166,0,0,1,0
run-20251017-171201,450,2025-09-27 03:00:00,109342.45,109451.44,109340.0,109408.18,191.52044,109467.6387458613,109469.30791492839,183.92857142857142,109460.45930216863,110186.99582285172,0,0,1,0
run-20251017-171201,451,2025-09-27 03:30:00,109408.18,109572.01,109384.63,109542.05,76.54521,109482.52099668905,109475.92083175307,181.87999999999946,109463.13109746517,110173.28315588109,1,0,1,0
run-20251017-171201,452,2025-09-27 04:00:00,109542.05,109743.91,109521.62,109553.77,185.7105,109496.77079735124,109482.99802886642,181.97785714285732,109473.19813341556,110161.82574282931,0,0,1,0
run-20251017-171201,453,2025-09-27 04:30:00,109553.77,109694.32,109514.63,109694.32,167.52518,109536.280637881,109502.20911715129,174.04071428571478,109484.76330577885,110151.14670136344,0,0,1,0
run-20251017-171201,454,2025-09-27 05:00:00,109694.32,109742.27,109603.65,109654.99,80.55207,109560.02251030481,109516.09828831935,168.32000000000076,109496.17823036332,110140.88427020851,0,0,1,0
run-20251017-171201,455,2025-09-27 05:30:00,109654.99,109655.0,109593.65,109612.3,44.63988,109570.47800824387,109524.84389847213,156.45071428571515,109505.05976589864,110130.40510147094,0,0,1,0
run-20251017-171201,456,2025-09-27 06:00:00,109612.3,109684.29,109608.87,109635.72,84.33951,109583.5264065951,109534.92354406556,153.394285714286,109515.84065279609,110120.80150153094,0,0,1,0
run-20251017-171201,457,2025-09-27 06:30:00,109635.73,109635.73,109522.96,109547.53,95.62271,109576.32712527609,109536.06958551414,152.43642857142862,109519.49962605284,110109.76944585844,0,0,1,0
run-20251017-171201,458,2025-09-27 07:00:00,109547.54,109547.54,109481.44,109541.36,145.43867,109569.33370022087,109536.55053228558,147.6835714285709,109519.05325726753,110097.95789078093,0,0,1,0
run-20251017-171201,459,2025-09-27 07:30:00,109541.36,109570.36,109494.18,109494.19,115.27626,109554.30496017671,109532.69957480507,141.59928571428568,109519.62063464028,110086.65059856974,0,0,1,0
run-20251017-171201,460,2025-09-27 08:00:00,109494.19,109494.19,109332.02,109411.2,175.44688,109525.68396814138,109521.6541589137,140.53571428571428,109510.31622597898,110073.02269037797,0,0,1,0
run-20251017-171201,461,2025-09-27 08:30:00,109411.19,109411.2,109260.76,109357.91,245.00355,109492.1291745131,109506.7683262852,135.269285714286,109495.94918053654,110058.17004830718,0,0,1,1
run-20251017-171201,462,2025-09-27 09:00:00,109357.92,109357.92,109252.0,109252.01,134.22894,109444.10533961048,109483.60847844109,129.14214285714323,109479.54858995319,110042.82307326584,0,0,1,0
run-20251017-171201,463,2025-09-27 09:30:00,109252.01,109283.87,109064.4,109083.66,226.06327,109372.0162716884,109447.24952585554,133.51714285714323,109452.4384254047,110024.70116344649,0,0,1,1
run-20251017-171201,464,2025-09-27 10:00:00,109083.66,109347.59,109083.66,109292.73,183.91504,109356.15901735073,109433.20229623231,144.40928571428543,109439.53770834167,110010.04489229585,0,0,1,0
run-20251017-171201,465,2025-09-27 10:30:00,109292.74,109317.39,109256.07,109283.97,114.99561,109341.72121388058,109419.63572384755,135.4049999999999,109427.92558928426,109995.75904556343,0,0,1,0
run-20251017-171201,466,2025-09-27 11:00:00,109283.97,109477.69,109283.96,109431.7,207.59678,109359.71697110447,109420.73247622504,133.36499999999901,109427.11148015052,109984.3010960956,0,0,1,1
run-20251017-171201,467,2025-09-27 11:30:00,109431.71,109440.65,109297.07,109337.3,134.82103,109355.23357688359,109413.14770565912,130.7857142857122,109420.11927867799,109971.4669509785,0,0,1,0
run-20251017-171201,468,2025-09-27 12:00:00,109337.3,109337.3,109280.0,109310.21,109.66607,109346.22886150688,109403.78973241738,124.97714285714028,109411.04440142478,109958.21003999158,0,0,1,0
run-20251017-171201,469,2025-09-27 12:30:00,109310.22,109327.0,109240.98,109257.18,119.36417,109328.41908920552,109390.46157492488,126.73928571428301,109399.42121023488,109944.38297947345,0,0,1,0
run-20251017-171201,470,2025-09-27 13:00:00,109257.18,109477.59,109227.14,109400.05,216.71216,109342.74527136443,109391.3332499317,139.24142857142579,109399.50573078584,109933.61383258158,0,0,1,1
run-20251017-171201,471,2025-09-27 13:30:00,109400.06,109412.14,109299.64,109359.26,208.77987,109346.04821709155,109388.41749993792,139.22214285714082,109394.16474418178,109921.65343986693,0,0,1,1
run-20251017-171201,472,2025-09-27 14:00:00,109359.26,109359.26,109306.6,109306.61,127.9924,109338.16057367325,109380.980454489,138.26214285714065,109389.06681690905,109909.9020101525,0,0,1,0
run-20251017-171201,473,2025-09-27 14:30:00,109306.61,109387.51,109306.6,109312.87,97.45125,109333.1024589386,109374.78859499,138.59999999999647,109384.71978754274,109898.47521705029,0,0,1,0
run-20251017-171201,474,2025-09-27 15:00:00,109312.87,109353.52,109255.9,109287.89,176.17504,109324.05996715088,109366.88872271817,133.989285714283,109377.42868507886,109886.42511003216,0,0,1,0
run-20251017-171201,475,2025-09-27 15:30:00,109287.89,109328.0,109193.0,109263.11,123.6824,109311.86997372072,109357.45429338014,132.8864285714257,109367.18885539193,109873.70356482225,0,0,1,0
run-20251017-171201,476,2025-09-27 16:00:00,109263.11,109427.4,109220.5,109402.24,81.22614,109329.94397897659,109361.52572125467,140.09928571428256,109367.2748718939,109863.68568526833,0,0,1,0
run-20251017-171201,477,2025-09-27 16:30:00,109402.25,109420.0,109308.0,109382.81,85.34317,109340.51718318128,109363.46065568605,132.4228571428539,109367.08250189052,109853.8010059729,0,0,1,0
run-20251017-171201,478,2025-09-27 17:00:00,109382.82,109427.76,109310.64,109389.04,91.21135,109350.22174654504,109365.78605062368,121.9364285714255,109368.0810100112,109844.41766930357,0,0,1,0
run-20251017-171201,479,2025-09-27 17:30:00,109389.05,109397.6,109243.89,109307.61,81.47013,109341.69939723604,109360.49731874879,128.5357142857122,109364.09431181735,109833.96145942158,0,0,1,0
run-20251017-171201,480,2025-09-27 18:00:00,109307.62,109410.0,109272.87,109382.47,101.68959,109349.85351778884,109362.49483522617,124.49285714285568,109363.6554181751,109824.53706726454,0,0,1,0
run-20251017-171201,481,2025-09-27 18:30:00,109382.48,109425.67,109345.11,109416.48,72.21988,109363.17881423108,109367.40257747834,119.99142857142786,109367.3827062816,109816.36945027953,0,0,1,0
run-20251017-171201,482,2025-09-27 19:00:00,109416.49,109434.99,109383.48,109434.96,82.54592,109377.53505138487,109373.54416134395,119.5778571428569,109370.63930710577,109808.3098329378,1,0,1,0
run-20251017-171201,483,2025-09-27 19:30:00,109434.96,109440.0,109400.48,109418.34,46.53908,109385.6960411079,109377.61651031268,116.25642857142832,109374.61915277239,109800.66941744437,0,0,1,0
run-20251017-171201,484,2025-09-27 20:00:00,109418.35,109431.16,109383.48,109424.2,29.79947,109393.39683288633,109381.85137301152,101.77285714285765,109377.35815678835,109792.93410015134,0,0,0,0
run-20251017-171201,485,2025-09-27 20:30:00,109424.21,109435.0,109362.72,109369.04,26.37533,109388.52546630907,109380.68670273774,98.90000000000042,109377.67480755434,109784.79038984416,0,0,0,0
run-20251017-171201,486,2025-09-27 21:00:00,109369.04,109429.93,109369.03,109390.0,33.80995,109388.82037304726,109381.53336612522,99.48857142857221,109378.71898998,109776.99817104077,0,0,0,0
run-20251017-171201,487,2025-09-27 21:30:00,109390.0,109423.19,109389.47,109423.19,62.10533,109395.69429843783,109385.3203328411,96.11785714285881,109380.86802573701,109769.66005820119,0,0,0,0
run-20251017-171201,488,2025-09-27 22:00:00,109423.19,109483.55,109423.19,109474.99,57.58966,109411.55343875027,109393.47212076464,93.45642857142957,109387.15402914055,109763.57640812916,0,0,0,0
run-20251017-171201,489,2025-09-27 22:30:00,109474.98,109699.98,109474.98,109699.98,79.43979,109469.23875100022,109421.33647342239,99.885000000001,109407.73630294752,109761.40931259927,0,0,0,0
run-20251017-171201,490,2025-09-27 23:00:00,109699.97,109699.98,109504.48,109605.62,95.91393,109496.51500080018,109438.08952129308,99.0707142857157,109421.91424966438,109758.0530503761,0,0,0,0
run-20251017-171201,491,2025-09-27 23:30:00,109605.63,109640.0,109461.53,109543.85,64.30476,109505.98200064016,109447.70411026642,103.81857142857292,109433.48128160098,109754.38436048474,0,0,0,0
run-20251017-171201,492,2025-09-28 00:00:00,109543.86,109683.16,109543.85,109635.85,33.25502,109531.95560051213,109464.80828206039,105.40357142857309,109447.7848124275,109751.70846760122,0,0,0,0
run-20251017-171201,493,2025-09-28 00:30:00,109635.85,109787.75,109548.0,109787.74,124.85339,109583.1124804097,109494.165710964,111.54928571428692,109465.63867537041,109750.25536213153,0,0,1,0
run-20251017-171201,494,2025-09-28 01:00:00,109787.73,109787.73,109559.83,109607.81,158.17236,109588.05198432777,109504.49700996726,118.03357142857256,109478.91428664529,109748.04747891812,0,0,1,0
run-20251017-171201,495,2025-09-28 01:30:00,109607.81,109654.85,109459.58,109491.6,133.48237,109568.76158746223,109503.32455451568,126.22714285714444,109479.62486052878,109742.9001824865,0,0,1,0
run-20251017-171201,496,2025-09-28 02:00:00,109491.41,109539.87,109325.05,109353.67,88.03253,109525.74326996978,109489.71959501425,137.89214285714323,109472.71622842355,109735.91878286794,0,0,1,0
run-20251017-171201,497,2025-09-28 02:30:00,109353.68,109491.0,109353.67,109487.06,116.6947,109518.00661597583,109489.47781364931,144.87857142857163,109469.71982485389,109729.91919309803,0,0,1,0
run-20251017-171201,498,2025-09-28 03:00:00,109487.06,109535.0,109396.88,109447.55,77.85269,109503.91529278067,109485.66619422664,151.33857142857076,109467.94389829843,109724.30924348098,0,0,1,0
run-20251017-171201,499,2025-09-28 03:30:00,109447.54,109535.0,109447.54,109454.65,63.28257,109494.06223422455,109482.84654020602,152.42285714285703,109468.0275278026,109719.25872258337,0,0,1,0
run-20251017-171201,500,2025-09-28 04:00:00,109454.66,109476.33,109409.17,109436.0,59.77766,109482.44978737964,109478.58776382366,152.87000000000054,109464.55392320418,109713.38546899891,0,0,1,0
run-20251017-171201,501,2025-09-28 04:30:00,109436.0,109486.1,109366.1,109366.11,48.87767,109459.18182990371,109468.36251256696,159.0328571428576,109460.67250657947,109707.47323526215,0,0,1,0
run-20251017-171201,502,2025-09-28 05:00:00,109366.11,109400.0,109365.88,109365.9,50.41472,109440.52546392297,109459.04773869723,157.15857142857152,109453.65865755378,109700.78109625052,0,0,1,0
run-20251017-171201,503,2025-09-28 05:30:00,109365.9,109396.94,109356.42,109396.93,74.79218,109431.80637113837,109453.40067154294,143.98142857142895,109447.7706408253,109694.36541651486,0,0,1,0
run-20251017-171201,504,2025-09-28 06:00:00,109396.93,109398.0,109356.43,109356.43,49.28134,109416.73109691069,109444.58515594812,132.98642857142946,109440.74713903174,109687.67379172311,0,0,1,0
run-20251017-171201,505,2025-09-28 06:30:00,109356.44,109383.0,109280.0,109280.01,59.13274,109389.38687752857,109429.62377813464,127.59571428571508,109432.26755894472,109680.6159220323,0,0,1,0
run-20251017-171201,506,2025-09-28 07:00:00,109280.01,109455.97,109260.0,109410.0,107.88741,109393.50950202286,109427.83979830421,131.6428571428582,109431.58845406624,109675.52744457815,0,0,1,0
run-20251017-171201,507,2025-09-28 07:30:00,109410.0,109486.77,109350.0,109458.28,89.60695,109406.46360161829,109430.60708936746,124.28714285714419,109430.4544476021,109670.39250198609,0,0,1,0
run-20251017-171201,508,2025-09-28 08:00:00,109458.28,109537.8,109443.88,109513.06,89.05775,109427.78288129464,109438.10280851588,114.71642857142953,109434.8677542071,109666.77023764639,0,0,1,0
run-20251017-171201,509,2025-09-28 08:30:00,109513.06,109585.39,109423.21,109524.46,85.55668,109447.11830503572,109445.95346228716,112.3528571428573,109441.10235211506,109663.78116682841,1,0,1,0
run-20251017-171201,510,2025-09-28 09:00:00,109524.46,109560.16,109473.67,109509.91,130.72179,109459.67664402859,109451.76769298832,103.18642857142966,109446.8287687152,109660.84816879712,0,0,0,0
run-20251017-171201,511,2025-09-28 09:30:00,109509.91,109534.99,109323.88,109449.49,91.56174,109457.63931522287,109451.56062998938,108.45642857142957,109443.8096861535,109655.82008991201,0,0,0,0
run-20251017-171201,512,2025-09-28 10:00:00,109449.49,109559.89,109441.57,109519.42,118.07672,109469.99545217831,109457.72966362671,107.04214285714365,109451.14844923282,109653.5178446228,0,0,0,0
run-20251017-171201,513,2025-09-28 10:30:00,109519.43,109519.43,109413.2,109441.7,72.14603,109464.33636174265,109456.27242147882,108.38285714285719,109450.95016786159,109649.46165008063,0,0,0,0
run-20251017-171201,514,2025-09-28 11:00:00,109441.7,109455.66,109368.43,109368.44,71.55934,109445.15708939414,109448.28765588983,109.81642857142911,109445.39916687264,109644.10446981122,0,0,1,0
run-20251017-171201,515,2025-09-28 11:30:00,109368.43,109368.44,109250.0,109272.24,185.00063,109410.57367151532,109432.2833235362,109.70500000000071,109434.00818133842,109637.24400358889,0,0,1,1
run-20251017-171201,516,2025-09-28 12:00:00,109272.23,109447.28,109253.64,109369.02,108.31168,109402.26293721226,109426.53211230563,121.09928571428671,109426.29368834815,109631.22229712443,0,0,1,0
run-20251017-171201,517,2025-09-28 12:30:00,109369.02,109451.04,109358.03,109429.46,139.45957,109407.70234976982,109426.79828391422,124.84857142857176,109426.47046740634,109627.20966630592,0,0,1,0
run-20251017-171201,518,2025-09-28 13:00:00,109429.47,109449.71,109189.99,109314.99,168.69206,109389.15987981587,109416.63389446746,140.4307142857142,109415.1723538034,109620.31451437787,0,0,1,1
run-20251017-171201,519,2025-09-28 13:30:00,109314.99,109490.0,109314.98,109476.81,127.7036,109406.6899038527,109422.10444951587,145.57500000000022,109417.39425662515,109616.81465121849,0,0,1,0
run-20251017-171201,520,2025-09-28 14:00:00,109476.8,109668.98,109462.57,109639.0,204.30559,109453.15192308217,109441.8222268326,146.32071428571362,109432.79870440484,109616.82631179685,1,0,1,1
run-20251017-171201,521,2025-09-28 14:30:00,109639.0,109718.62,109502.56,109715.95,153.1697,109505.71153846575,109466.74293348419,151.9842857142846,109447.77223732257,109617.01145203008,0,0,1,1
run-20251017-171201,522,2025-09-28 15:00:00,109715.94,109888.0,109635.04,109850.01,216.94892,109574.57123077262,109501.58539407654,163.34428571428518,109472.59752472569,109620.02917085825,0,0,1,1
run-20251017-171201,523,2025-09-28 15:30:00,109850.0,109911.61,109712.23,109899.99,172.30444,109639.65498461812,109537.80399461504,166.00142857142887,109500.45912220929,109624.26496163853,0,0,1,1
run-20251017-171201,524,2025-09-28 16:00:00,109900.0,110037.93,109804.03,110037.93,166.61903,109719.30998769449,109583.26999510458,176.5307142857138,109537.72019701058,109631.39280279815,0,0,1,1
run-20251017-171201,525,2025-09-28 16:30:00,110037.92,110393.63,110037.92,110150.07,364.28788,109805.4619901556,109634.79726827689,186.85928571428562,109586.50669474142,109642.10806919655,0,0,1,1
run-20251017-171201,526,2025-09-28 17:00:00,110150.06,110230.17,110008.54,110222.02,151.95065,109888.77359212449,109688.18115297898,194.23857142857221,109632.92824839453,109652.95184397051,0,0,1,0
run-20251017-171201,527,2025-09-28 17:30:00,110222.01,110372.51,110130.26,110202.74,240.85135,109951.5668736996,109734.95922998089,203.95428571428678,109681.62121660718,109665.1139088903,0,1,1,1
run-20251017-171201,528,2025-09-28 18:00:00,110202.74,110377.05,110171.19,110203.52,133.9454,110001.95749895969,109777.55566361899,212.4278571428575,109726.56103847513,109677.0325641931,0,1,1,0
run-20251017-171201,529,2025-09-28 18:30:00,110203.53,110242.0,110060.88,110138.1,96.34202,110029.18599916776,109810.3324214718,216.9049999999999,109756.9932385155,109685.84537349599,0,1,1,0
run-20251017-171201,530,2025-09-28 19:00:00,110138.11,110293.56,110128.36,110293.56,44.15569,110082.06079933421,109854.262201338,214.87357142857113,109794.46888338166,109696.88996400622,0,1,1,0
run-20251017-171201,531,2025-09-28 19:30:00,110293.56,110341.67,110119.71,110338.01,79.54771,110133.25063946737,109898.23927394363,224.08428571428522,109828.03897308704,109707.43466856293,0,1,1,0
run-20251017-171201,532,2025-09-28 20:00:00,110338.02,110388.46,110290.32,110337.6,104.69624,110174.1205115739,109938.18115813058,212.54285714285652,109867.20583405689,109719.90894061438,0,1,1,0
run-20251017-171201,533,2025-09-28 20:30:00,110337.61,110650.0,110294.78,110650.0,163.4741,110269.29640925913,110002.8919619369,225.4142857142849,109918.92011056155,109736.10960018985,0,1,1,1
run-20251017-171201,534,2025-09-28 21:00:00,110649.99,110945.0,110649.99,110803.8,346.5913,110376.1971274073,110075.70178357899,231.74285714285674,109992.2312439286,109758.62925564017,0,1,1,1
run-20251017-171201,535,2025-09-28 21:30:00,110803.8,110896.33,110717.06,110734.6,162.70643,110447.87770192584,110135.60162143543,229.11500000000004,110054.10003716747,109779.20613679381,0,1,1,1
run-20251017-171201,536,2025-09-28 22:00:00,110734.6,110833.99,110640.81,110833.99,112.84428,110525.10016154067,110199.0914740322,224.8450000000001,110108.42135687778,109798.61592493187,0,1,1,0
run-20251017-171201,537,2025-09-28 22:30:00,110833.99,111823.62,110833.99,111726.34,731.48799,110765.34812923255,110337.93224912019,281.2914285714277,110222.79330175453,109834.16385592504,0,1,1,1
run-20251017-171201,538,2025-09-28 23:00:00,111726.35,112014.0,111726.34,111938.51,398.73119,110999.98050338605,110483.43931738198,285.13142857142833,110353.26941849773,109875.45357536913,0,1,1,1
run-20251017-171201,539,2025-09-28 23:30:00,111938.51,112350.0,111938.51,112107.85,540.77862,111221.55440270885,110631.1130158018,289.115714285714,110488.30508028183,109919.68967793355,0,1,1,1
run-20251017-171201,540,2025-09-29 00:00:00,112107.86,112254.2,112027.4,112163.95,266.6042,111410.0335221671,110770.4618325471,289.48499999999956,110620.27402451237,109964.94584727722,0,1,1,1
run-20251017-171201,541,2025-09-29 00:30:00,112163.96,112309.98,111985.0,112198.87,407.10023,111567.80081773369,110900.31712049736,295.394285714285,110738.2788515395,110008.29741486661,0,1,1,1
run-20251017-171201,542,2025-09-29 01:00:00,112198.88,112289.6,112003.5,112260.57,309.48637,111706.35465418696,111023.97647317941,301.1257142857139,110847.64348425464,110050.88522824022,0,1,1,1
run-20251017-171201,543,2025-09-29 01:30:00,112260.57,112310.0,112023.45,112042.97,201.25626,111773.67772334957,111116.61224834491,308.65642857142876,110947.03763386981,110092.28753752487,0,1,1,1
run-20251017-171201,544,2025-09-29 02:00:00,112042.97,112101.08,111721.79,111855.3,447.9627,111790.00217867966,111183.76568031355,323.9485714285724,111024.21637021202,110129.11673457397,0,1,1,1
run-20251017-171201,545,2025-09-29 02:30:00,111855.3,112022.27,111719.49,111885.07,383.52582,111809.01574294374,111247.52061846685,329.72142857143,111088.21455781585,110163.31309536556,0,1,1,1
run-20251017-171201,546,2025-09-29 03:00:00,111885.07,111930.46,111632.72,111750.02,238.01922,111797.21659435499,111293.20238042441,343.9785714285733,111135.69363064815,110193.84081754342,0,1,1,1
run-20251017-171201,547,2025-09-29 03:30:00,111750.02,111757.69,111588.07,111756.7,177.98833,111789.113275484,111335.33852765855,330.72142857143,111177.09175209005,110223.12664180435,0,1,1,1
run-20251017-171201,548,2025-09-29 04:00:00,111756.69,111857.51,111677.61,111857.51,132.13469,111802.79262038719,111382.80866150776,322.4992857142871,111223.6633666929,110253.98696225576,0,1,1,0
run-20251017-171201,549,2025-09-29 04:30:00,111857.51,111893.59,111750.0,111812.13,160.18018,111804.66009630976,111421.83787409797,319.95071428571515,111268.68203899641,110284.78022653624,0,1,1,1
run-20251017-171201,550,2025-09-29 05:00:00,111812.13,111904.34,111803.07,111812.0,118.61744,111806.12807704782,111457.30715827088,313.38571428571385,111312.75574610935,110315.62178834836,0,1,1,0
run-20251017-171201,551,2025-09-29 05:30:00,111812.01,111812.01,111575.38,111630.12,254.66192,111770.92646163827,111473.01741660989,259.59999999999957,111339.25727274454,110342.19942725141,0,1,1,1
run-20251017-171201,552,2025-09-29 06:00:00,111630.13,111770.18,111598.91,111753.34,94.07529,111767.40916931063,111498.50128782717,251.28642857142717,111369.49472966537,110369.72304147382,0,1,1,0
run-20251017-171201,553,2025-09-29 06:30:00,111753.34,111834.0,111664.74,111800.94,187.35118,111774.1153354485,111525.99571620651,233.98428571428354,111399.28207840314,110397.17744623659,0,1,1,1
run-20251017-171201,554,2025-09-29 07:00:00,111800.95,111850.0,111624.0,111632.83,147.18325,111745.85826835882,111535.7079238241,233.9271428571405,111421.44071904878,110422.74342438097,0,1,1,1
run-20251017-171201,555,2025-09-29 07:30:00,111632.83,111750.98,111560.65,111607.86,416.08236,111718.25861468706,111542.26720347645,224.30928571428376,111436.81505822227,110446.4823927356,0,1,1,1
run-20251017-171201,556,2025-09-29 08:00:00,111607.85,111865.96,111600.96,111865.95,453.20854,111747.79689174966,111571.69291225132,222.8021428571405,111464.79519215366,110473.27807664966,0,1,1,1
run-20251017-171201,557,2025-09-29 08:30:00,111865.96,112223.36,111865.95,112201.73,473.53726,111838.58351339975,111628.96901113757,227.8635714285691,111513.46093670162,110505.41238467868,0,1,1,1
run-20251017-171201,558,2025-09-29 09:00:00,112201.73,112421.99,112099.74,112099.75,314.43952,111890.8168107198,111671.76728285234,223.7892857142828,111564.5896689814,110538.56367084135,0,1,1,1
run-20251017-171201,559,2025-09-29 09:30:00,112099.74,112177.33,111988.13,112171.23,258.82368,111946.89944857584,111717.17298441121,215.67642857142553,111606.22559601089,110569.58278035169,0,1,1,1
run-20251017-171201,560,2025-09-29 10:00:00,112171.23,112219.0,112049.35,112110.9,201.40755,111979.69955886068,111752.96634946472,206.52714285713904,111642.81368551409,110599.52321538347,0,1,1,1
run-20251017-171201,561,2025-09-29 10:30:00,112110.9,112225.0,112088.34,112225.0,161.58592,112028.75964708855,111795.87849951338,204.1728571428539,111684.57786194516,110630.92513087303,0,1,1,1
run-20251017-171201,562,2025-09-29 11:00:00,112225.0,112225.0,112012.73,112090.18,314.53706,112041.04371767084,111822.63318137579,206.48499999999746,111714.09991792786,110659.38492977162,0,1,1,1
run-20251017-171201,563,2025-09-29 11:30:00,112090.19,112103.35,111923.13,111959.32,233.28523,112024.69897413667,111835.05925579616,209.10142857142637,111731.59294230865,110684.76926174814,0,1,1,1
run-20251017-171201,564,2025-09-29 12:00:00,111959.32,112112.86,111956.05,112100.0,168.62573,112039.75917930935,111859.14477799651,213.0685714285698,111759.54427315766,110712.69442673419,0,1,1,1
run-20251017-171201,565,2025-09-29 12:30:00,112100.0,112399.28,112040.73,112374.89,321.20419,112106.78534344748,111906.03070726956,221.77714285714214,111798.19823139237,110743.34357548329,0,1,1,1
run-20251017-171201,566,2025-09-29 13:00:00,112374.88,112515.0,111940.0,112022.16,423.43272,112089.86027475799,111916.5879156996,250.61500000000004,111818.85301559903,110769.56378982487,0,1,1,1
run-20251017-171201,567,2025-09-29 13:30:00,112022.0,112308.33,111901.26,112179.65,283.87954,112107.81821980639,111940.50265063599,267.6014285714295,111843.3967360451,110796.64912900311,0,1,1,1
run-20251017-171201,568,2025-09-29 14:00:00,112179.66,113490.0,112087.43,113227.29,1386.78417,112331.71257584511,112057.48331875999,351.6421428571443,111952.54869021311,110845.4957238101,0,1,1,1
run-20251017-171201,569,2025-09-29 14:30:00,113227.29,113926.0,113220.21,113743.0,914.9249,112613.9700606761,112210.71210796363,388.46071428571514,112092.50264713637,110903.46672455147,0,1,1,1
run-20251017-171201,570,2025-09-29 15:00:00,113742.99,114231.56,113701.46,114033.53,876.14669,112897.8820485409,112376.42282542147,407.39642857142877,112243.47804528044,110965.89713865903,0,1,1,1
run-20251017-171201,571,2025-09-29 15:30:00,114033.54,114127.13,113766.82,113800.01,528.31718,113078.30763883272,112505.83984129224,407.60357142857123,112368.57803410932,111023.43202564384,0,1,1,1
run-20251017-171201,572,2025-09-29 16:00:00,113800.01,114000.0,113686.06,113815.57,330.10913,113225.76011106618,112624.90621935658,407.00999999999993,112484.81653975259,111080.02107887235,0,1,1,1
run-20251017-171201,573,2025-09-29 16:30:00,113815.57,114026.01,113780.0,113861.36,270.18472,113352.88008885295,112737.31110850598,411.06785714285695,112595.06417991003,111136.24626035058,0,1,1,1
run-20251017-171201,574,2025-09-29 17:00:00,113861.35,114053.0,113600.0,113626.15,457.82735,113407.53407108237,112818.11464409633,431.30714285714305,112679.43674585313,111186.88057315769,0,1,1,1
run-20251017-171201,575,2025-09-29 17:30:00,113626.15,113890.26,113449.74,113890.25,517.9067,113504.0772568659,112915.58149463302,453.01142857142776,112768.53752664107,111239.36472012123,0,1,1,1
run-20251017-171201,576,2025-09-29 18:00:00,113890.25,114151.0,113790.57,114043.91,325.66059,113612.04380549274,113018.15681330275,463.5942857142841,112861.90771298163,111293.67064284351,0,1,1,1
run-20251017-171201,577,2025-09-29 18:30:00,114043.92,114137.73,113867.02,113963.41,264.29825,113682.31704439419,113104.0889211843,470.0578571428549,112949.16214489385,111347.20376840292,0,1,1,1
run-20251017-171201,578,2025-09-29 19:00:00,113963.4,114059.86,113892.49,114008.79,132.59326,113747.61163551536,113186.3344738039,470.81214285714043,113029.72394074977,111399.66746101642,0,1,1,0
run-20251017-171201,579,2025-09-29 19:30:00,114008.78,114079.99,113848.63,114004.55,211.39489,113798.9993084123,113260.7177034581,461.7271428571403,113104.87426441377,111451.2983565682,0,1,1,1
run-20251017-171201,580,2025-09-29 20:00:00,114004.54,114390.93,113884.08,114265.55,536.53949,113892.30944672985,113352.0660940528,456.8592857142825,113189.81535903785,111505.89853861187,0,1,1,1
run-20251017-171201,581,2025-09-29 20:30:00,114265.56,114400.0,114122.12,114290.07,207.76499,113971.86155738388,113437.33917641164,447.6314285714252,113277.39170205686,111561.80684061209,0,1,1,1
run-20251017-171201,582,2025-09-29 21:00:00,114290.08,114400.0,114222.49,114258.29,289.68445,114029.14724590711,113511.97106946513,360.1271428571386,113357.91120209094,111616.53330994479,0,1,1,1
run-20251017-171201,583,2025-09-29 21:30:00,114258.29,114329.8,114140.0,114153.98,128.03618,114054.1137967257,113570.33551769558,323.2707142857107,113420.35164022313,111667.09958731526,0,1,1,0
run-20251017-171201,584,2025-09-29 22:00:00,114153.98,114258.51,114095.36,114176.73,90.22939,114078.63703738057,113625.46228881416,297.05999999999665,113478.68893047897,111716.84021131338,0,1,1,0
run-20251017-171201,585,2025-09-29 22:30:00,114176.72,114216.41,114042.17,114090.5,225.85929,114081.00962990447,113667.7384443765,283.7692857142829,113527.24410691272,111764.2372468063,0,1,1,1
run-20251017-171201,586,2025-09-29 23:00:00,114090.51,114214.0,114020.0,114189.81,217.95292,114102.76970392358,113715.19949488773,275.20214285713985,113572.93996182141,111810.89423407284,0,1,1,1
run-20251017-171201,587,2025-09-29 23:30:00,114189.8,114367.02,114189.8,114301.0,231.81117,114142.41576313887,113768.45408626157,270.2885714285689,113626.47399013194,111859.56170796561,0,1,1,1
run-20251017-171201,588,2025-09-30 00:00:00,114301.0,114395.92,114222.5,114311.96,113.50216,114176.3246105111,113817.86371478325,250.31857142856876,113676.01847378194,111907.29534410403,0,1,1,0
run-20251017-171201,589,2025-09-30 00:30:00,114311.97,114438.88,114040.35,114170.71,466.04471,114175.2016884089,113849.94064980296,247.31928571428372,113719.22568071913,111953.46572020157,0,1,1,1
run-20251017-171201,590,2025-09-30 01:00:00,114170.7,114758.0,114146.16,114525.97,487.80851,114245.35535072713,113911.39786345723,265.2771428571411,113775.9853131129,112003.0262598872,0,1,1,1
run-20251017-171201,591,2025-09-30 01:30:00,114525.97,114792.0,114340.08,114631.2,347.73811,114322.52428058171,113976.83442132475,278.220714285713,113846.28782652214,112056.25558322304,0,1,1,1
run-20251017-171201,592,2025-09-30 02:00:00,114631.2,114631.21,114255.38,114500.31,418.51849,114358.08142446537,114024.42311029522,293.11071428571347,113894.61863570922,112104.13923792026,0,1,1,1
run-20251017-171201,593,2025-09-30 02:30:00,114500.32,114582.96,114360.0,114472.48,216.87947,114380.9611395723,114065.15555481384,292.51071428571385,113936.64518428982,112150.40651817729,0,1,1,1
run-20251017-171201,594,2025-09-30 03:00:00,114472.48,114583.19,114384.99,114455.96,169.11306,114395.96091165786,114100.68323164895,270.4642857142857,113977.29488176851,112196.24757868219,0,1,1,1
run-20251017-171201,595,2025-09-30 03:30:00,114455.96,114514.5,114308.06,114326.07,164.11557,114381.98272932631,114121.17293786268,265.3614285714284,114006.4471861308,112239.03142207851,0,1,1,1
run-20251017-171201,596,2025-09-30 04:00:00,114326.08,114453.87,114303.06,114376.39,224.16326,114380.86418346106,114144.37448896607,263.45428571428573,114036.83266201463,112281.86135010845,0,1,1,1
run-20251017-171201,597,2025-09-30 04:30:00,114376.39,114376.4,114185.31,114185.32,159.68295,114341.75534676886,114148.09680815098,263.5464285714282,114052.96612898775,112320.7856490098,0,1,1,1
run-20251017-171201,598,2025-09-30 05:00:00,114185.31,114277.73,114091.62,114091.63,195.74909,114291.73027741509,114142.96346195544,265.1864285714286,114060.205011803,112356.96636336819,0,1,1,1
run-20251017-171201,599,2025-09-30 05:30:00,114091.63,114205.17,113924.86,113939.97,320.0144,114221.37822193209,114124.50951086858,272.76285714285666,114057.97721389428,112390.14698784052,0,1,1,1
run-20251017-171201,600,2025-09-30 06:00:00,113939.98,114007.0,113827.24,113904.0,378.30015,114157.90257754568,114104.4631916987,271.7457142857134,114048.8249252442,112420.82622225868,0,1,1,1
run-20251017-171201,601,2025-09-30 06:30:00,113904.0,114007.24,113838.41,113921.16,339.44726,114110.55406203655,114087.79926518063,271.14642857142775,114040.18537697475,112450.8428194269,0,1,1,1
run-20251017-171201,602,2025-09-30 07:00:00,113921.15,114084.22,113856.63,113891.64,188.17315,114066.77124962924,114069.96660470967,275.01571428571333,114033.13495967566,112480.5157900083,0,1,1,1
run-20251017-171201,603,2025-09-30 07:30:00,113891.64,113994.61,113838.41,113952.52,179.5398,114043.92099970339,114059.28964064516,257.70642857142747,114025.76554332228,112509.35758867649,0,1,1,1
run-20251017-171201,604,2025-09-30 08:00:00,113952.52,113952.52,113585.0,113699.23,565.91437,113974.98279976273,114026.55694604106,240.25499999999946,113998.26604748821,112532.29367563126,0,1,1,1
run-20251017-171201,605,2025-09-30 08:30:00,113699.24,113741.37,113534.23,113575.85,303.43867,113895.15623981018,113985.58358731004,222.77071428571384,113970.58854287551,112554.21358057162,0,1,1,1
run-20251017-171201,606,2025-09-30 09:00:00,113575.86,113608.32,113350.35,113451.89,350.02448,113806.50299184815,113937.06598846367,214.35214285714235,113930.85244576859,112572.0277251607,0,1,1,1
run-20251017-171201,607,2025-09-30 09:30:00,113451.89,113451.89,113216.19,113254.29,399.61336,113696.06039347852,113874.99544405787,215.2621428571417,113877.60466062684,112585.21736947326,0,1,1,1
run-20251017-171201,608,2025-09-30 10:00:00,113254.29,113329.5,112731.41,112781.97,595.44255,113513.24231478282,113775.62949459808,243.82571428571308,113800.95708964438,112591.10036010275,0,1,1,1
run-20251017-171201,609,2025-09-30 10:30:00,112781.97,113041.46,112656.27,112837.82,433.27671,113378.15785182627,113690.37408599825,256.5935714285702,113727.68519501583,112596.19156903119,0,1,1,1
run-20251017-171201,610,2025-09-30 11:00:00,112837.81,113085.23,112778.34,112923.49,288.71912,113287.22428146102,113620.6573509075,267.7421428571418,113664.8787363449,112602.41919173299,0,1,1,1
run-20251017-171201,611,2025-09-30 11:30:00,112923.5,113000.0,112810.62,112927.45,250.50876,113215.26942516882,113557.63850082499,267.6199999999995,113606.42851440373,112608.39858250583,0,1,1,1
run-20251017-171201,612,2025-09-30 12:00:00,112927.44,113135.44,112887.57,113055.01,248.26807,113183.21754013505,113511.94500074998,272.0314285714277,113562.42670629887,112616.82347629548,0,1,1,1
run-20251017-171201,613,2025-09-30 12:30:00,113055.0,113108.28,112990.75,113085.52,153.60003,113163.67803210806,113473.1790915909,260.4042857142849,113523.35937017438,112625.47782690472,0,1,1,1
run-20251017-171201,614,2025-09-30 13:00:00,113085.52,113255.99,112990.75,113002.06,193.99457,113131.35442568646,113430.35008326445,266.50999999999993,113492.10651587418,112635.24384602495,0,1,1,1
run-20251017-171201,615,2025-09-30 13:30:00,113002.06,113339.0,112866.11,113319.99,288.78962,113169.08154054917,113420.31734842222,288.22857142857123,113468.33866382696,112646.04882716852,0,1,1,1
run-20251017-171201,616,2025-09-30 14:00:00,113320.0,113677.23,113123.76,113404.53,534.85717,113216.17123243934,113418.88213492928,311.5057142857144,113468.09444515515,112662.28687717386,0,1,1,1
run-20251017-171201,617,2025-09-30 14:30:00,113404.53,113503.54,112900.0,113100.78,520.75244,113193.09298595149,113389.9637590266,343.4585714285713,113441.17472618897,112671.31596551972,0,1,1,1
run-20251017-171201,618,2025-09-30 15:00:00,113100.78,113630.13,113032.86,113595.05,389.424,113273.4843887612,113408.60796275146,359.8692857142856,113438.99510864273,112685.94379620669,0,1,1,1
run-20251017-171201,619,2025-09-30 15:30:00,113595.04,113598.27,112919.95,113050.33,478.50455,113228.85351100897,113376.03723886496,393.52500000000043,113415.4836200889,112694.82581900402,0,1,1,1
run-20251017-171201,620,2025-09-30 16:00:00,113050.32,113256.02,112989.57,113106.16,280.36423,113204.31480880719,113351.5029444227,394.1307142857144,113389.99033134697,112702.52419342042,0,1,1,1
run-20251017-171201,621,2025-09-30 16:30:00,113106.15,113279.92,112994.01,113062.01,224.79731,113175.85384704576,113325.18540402064,397.7171428571434,113365.04883720264,112709.71525020774,0,1,1,1
run-20251017-171201,622,2025-09-30 17:00:00,113062.0,113088.27,112800.0,112841.24,161.99156,113108.93107763662,113281.19036729148,375.587142857144,113328.13973784065,112713.20033720644,0,1,1,1
run-20251017-171201,623,2025-09-30 17:30:00,112841.23,113314.93,112813.82,113243.0,212.59359,113135.7448621093,113277.71851571952,383.8671428571428,113317.47109210127,112722.61343416531,0,1,1,1
run-20251017-171201,624,2025-09-30 18:00:00,113242.99,113503.99,113161.3,113246.11,532.97882,113157.81788968746,113274.84501429046,386.4242857142859,113313.72648678785,112733.43506612164,0,1,1,1
run-20251017-171201,625,2025-09-30 18:30:00,113246.12,113535.0,113177.37,113465.66,251.34602,113219.38631174997,113292.19183117314,398.44214285714304,113327.21244705023,112748.40569128198,0,1,1,1
run-20251017-171201,626,2025-09-30 19:00:00,113465.66,113714.56,113340.95,113714.56,180.51228,113318.42104939999,113330.58893743012,407.42357142857196,113347.36085558154,112765.01753126057,0,1,1,1
run-20251017-171201,627,2025-09-30 19:30:00,113714.55,113980.52,113702.01,113945.66,400.41951,113443.86883951999,113386.50448857283,418.92214285714414,113390.44350413352,112787.63185058415,1,1,1,1
run-20251017-171201,628,2025-09-30 20:00:00,113945.67,114563.46,113945.66,114359.99,571.24852,113627.09307161601,113475.00317142984,444.1050000000011,113459.43860569957,112817.31402378612,0,1,1,1
run-20251017-171201,629,2025-09-30 20:30:00,114359.99,114501.99,114110.09,114387.29,437.84758,113779.13245729281,113557.93833766348,438.3200000000018,113522.51105431937,112846.23875191098,0,1,1,1
run-20251017-171201,630,2025-09-30 21:00:00,114387.29,114723.57,114307.01,114626.36,272.8008,113948.57796583425,113655.06757969408,428.5407142857169,113595.37629427944,112878.34673682401,0,1,1,1
run-20251017-171201,631,2025-09-30 21:30:00,114626.36,114754.87,114292.0,114292.18,353.14824,114017.29837266741,113712.98689063097,418.49285714285986,113652.49580260091,112907.26826625499,0,1,1,1
run-20251017-171201,632,2025-09-30 22:00:00,114292.17,114531.97,114136.5,114161.0,296.31922,114046.03869813394,113753.71535511906,404.0785714285739,113699.58153096687,112934.1817962913,0,1,1,1
run-20251017-171201,633,2025-09-30 22:30:00,114161.0,114356.98,113963.77,113995.99,230.27403,114036.02895850716,113775.74032283551,383.71357142857283,113727.4343005965,112956.53039961716,0,1,1,1
run-20251017-171201,634,2025-09-30 23:00:00,113996.0,114034.37,113883.01,113940.39,118.66057,114016.90116680574,113790.708475305,375.4928571428588,113743.17622288821,112975.84678486273,0,1,1,0
run-20251017-171201,635,2025-09-30 23:30:00,113940.4,114022.88,113765.42,113966.17,186.14511,114006.7549334446,113806.65952300455,373.46071428571616,113755.56880859463,112994.21363053759,0,1,1,1
run-20251017-171201,636,2025-10-01 00:00:00,113966.17,114048.94,113851.16,114048.93,82.29249,114015.18994675568,113828.68411182232,366.99714285714435,113775.20860801065,113014.33570611913,0,1,1,0
run-20251017-171201,637,2025-10-01 00:30:00,114048.94,114308.0,113966.67,114021.86,238.15455,114016.52395740456,113846.24555620212,355.58428571428834,113799.23538171226,113035.60940714399,0,1,1,1
run-20251017-171201,638,2025-10-01 01:00:00,114021.85,114255.0,113969.18,114239.53,196.43561,114061.12516592366,113881.99868745646,351.5221428571458,113822.90535620575,113056.7856442244,0,1,1,1
run-20251017-171201,639,2025-10-01 01:30:00,114239.53,114429.76,114142.99,114367.72,297.18294,114122.44413273892,113926.15517041498,346.46071428571616,113864.0610842945,113082.55140756245,0,1,1,1
run-20251017-171201,640,2025-10-01 02:00:00,114367.72,114550.0,114223.43,114549.99,300.07066,114207.95330619115,113982.86742764997,343.1007142857166,113911.65664105772,113110.26290316776,0,1,1,1
run-20251017-171201,641,2025-10-01 02:30:00,114549.99,114551.76,114425.22,114427.88,155.57401,114251.93864495293,114023.32311604542,332.2457142857155,113953.35569979993,113136.87786956628,0,1,1,1
run-20251017-171201,642,2025-10-01 03:00:00,114427.89,114445.99,114272.15,114272.15,352.85021,114255.98091596234,114045.94374185946,300.5342857142875,113979.84737224899,113159.87523805586,0,1,1,1
run-20251017-171201,643,2025-10-01 03:30:00,114272.16,114525.96,114195.42,114471.16,267.31571,114299.01673276989,114084.59976532677,296.1514285714303,114016.22601336786,113185.4745581112,0,1,1,1
run-20251017-171201,644,2025-10-01 04:00:00,114471.16,114530.48,114096.58,114176.92,234.98747,114274.59738621592,114092.99251393342,297.39000000000044,114033.93635451604,113206.50651656547,0,1,1,1
run-20251017-171201,645,2025-10-01 04:30:00,114176.93,114587.51,114151.0,114587.5,216.78777,114337.17790897274,114137.94773993947,295.50714285714326,114067.05823421493,113231.38313018266,0,1,1,1
run-20251017-171201,646,2025-10-01 05:00:00,114587.51,114700.0,114262.0,114289.01,381.10551,114327.54432717818,114151.68067267224,298.54500000000036,114093.99383327569,113254.90605377004,0,1,1,1
run-20251017-171201,647,2025-10-01 05:30:00,114289.02,114740.0,114265.63,114612.99,407.33373,114384.63346174255,114193.61788424749,304.3421428571434,114133.6390287178,113281.72957489538,0,1,1,1
run-20251017-171201,648,2025-10-01 06:00:00,114613.0,114640.0,114518.0,114569.84,152.42146,114421.67476939404,114227.81989477045,302.2450000000005,114167.15744250345,113307.23016993224,0,1,1,0
run-20251017-171201,649,2025-10-01 06:30:00,114569.84,114624.3,114307.69,114388.46,217.80721,114415.03181551525,114242.42354070042,306.47000000000014,114190.59108014258,113330.31789657402,0,1,1,1
run-20251017-171201,650,2025-10-01 07:00:00,114388.47,114540.01,114224.88,114256.81,174.7156,114383.3874524122,114243.73140063674,314.8521428571424,114205.33104322273,113351.18642811386,0,1,1,1
run-20251017-171201,651,2025-10-01 07:30:00,114256.82,114580.98,114236.59,114569.08,181.58778,114420.52596192977,114273.3085460334,315.0707142857136,114225.42555739246,113373.24342911653,0,1,1,1
run-20251017-171201,652,2025-10-01 08:00:00,114569.09,114584.35,114444.92,114539.02,264.67458,114444.22476954383,114297.46413275762,304.6142857142851,114249.4760104957,113396.31109072657,0,1,1,1
run-20251017-171201,653,2025-10-01 08:30:00,114539.02,115110.83,114484.43,115089.82,850.57309,114573.34381563507,114369.49648432511,328.8735714285722,114294.80309158022,113424.80155055229,0,1,1,1
run-20251017-171201,654,2025-10-01 09:00:00,115089.82,116591.8,115089.82,116111.28,2093.4929,114880.93105250807,114527.84044029555,412.83142857142855,114416.54711375783,113473.30952262128,0,1,1,1
run-20251017-171201,655,2025-10-01 09:30:00,116111.27,116370.0,115950.0,116239.48,522.35258,115152.64084200645,114683.44403663231,433.79285714285754,114556.75008078913,113528.09199636952,0,1,1,1
run-20251017-171201,656,2025-10-01 10:00:00,116239.48,116529.93,116157.3,116412.1,559.38516,115404.53267360516,114840.59457875665,447.9921428571418,114698.43142021327,113584.94263330684,0,1,1,1
run-20251017-171201,657,2025-10-01 10:30:00,116412.1,116551.0,116240.63,116240.63,291.65536,115571.75213888414,114967.8705261424,446.5514285714266,114818.00702035066,113637.78818944046,0,1,1,1
run-20251017-171201,658,2025-10-01 11:00:00,116240.63,116363.47,116203.5,116281.64,257.99295,115713.72971110733,115087.3041146749,426.9849999999985,114930.31313950864,113690.07823346036,0,1,1,1
run-20251017-171201,659,2025-10-01 11:30:00,116281.64,116429.01,116269.0,116324.0,201.35929,115835.78376888587,115199.73101334082,407.2349999999985,115039.43747326423,113742.7459751804,0,1,1,1
run-20251017-171201,660,2025-10-01 12:00:00,116324.0,116795.85,116293.08,116789.58,441.11903,116026.5430151087,115344.26273940074,411.8614285714274,115165.94185056034,113800.96779146852,0,1,1,1
run-20251017-171201,661,2025-10-01 12:30:00,116789.57,116887.0,116610.24,116633.02,308.88264,116147.83841208697,115461.4224903643,397.7464285714273,115280.12059330849,113857.40483626506,0,1,1,1
run-20251017-171201,662,2025-10-01 13:00:00,116633.03,116652.01,116363.38,116402.65,336.31717,116198.80072966959,115546.98862760392,409.6485714285695,115368.339671101,113908.30226630364,0,1,1,1
run-20251017-171201,663,2025-10-01 13:30:00,116402.65,116650.0,116402.65,116636.87,263.45392,116286.41458373568,115646.0687523672,404.701428571427,115462.02357951307,113961.32330456896,0,1,1,1
run-20251017-171201,664,2025-10-01 14:00:00,116636.88,116843.73,116399.5,116806.96,970.14363,116390.52366698855,115751.6043203338,413.922857142856,115554.40085136905,114014.78473761134,0,1,1,1
run-20251017-171201,665,2025-10-01 14:30:00,116806.96,117441.26,116704.74,117136.81,1097.55271,116539.78093359084,115877.53210939436,441.932142857141,115677.86112423573,114077.07174906925,0,1,1,1
run-20251017-171201,666,2025-10-01 15:00:00,117136.81,117419.69,117057.0,117292.74,533.97922,116690.37274687269,116006.18737217669,457.87928571428347,115802.8358474779,114140.95620937333,0,1,1,1
run-20251017-171201,667,2025-10-01 15:30:00,117292.73,117649.99,117091.84,117499.63,634.53376,116852.22419749816,116141.95488379699,453.00428571428347,115923.59570541885,114204.92350207652,0,1,1,1
run-20251017-171201,668,2025-10-01 16:00:00,117499.62,117545.88,117300.0,117423.73,373.48295,116966.52535799853,116258.4798943609,363.2828571428555,116041.5253320687,114269.33498442447,0,1,1,1
run-20251017-171201,669,2025-10-01 16:30:00,117423.73,117869.74,117319.04,117861.69,692.75915,117145.55828639884,116404.22626760082,372.61857142857065,116178.14252298999,114339.5952599736,0,1,1,1
run-20251017-171201,670,2025-10-01 17:00:00,117861.68,118199.0,117535.79,117535.79,1147.64953,117223.60462911907,116507.09569781894,393.3742857142861,116294.93580841945,114406.12652484381,0,1,1,1
run-20251017-171201,671,2025-10-01 17:30:00,117535.79,117681.27,117262.43,117381.66,414.62601,117255.21570329525,116586.60154347176,401.12214285714435,116375.40901038644,114464.2389166194,0,1,1,1
run-20251017-171201,672,2025-10-01 18:00:00,117381.65,117490.89,116724.56,116768.07,547.73421,117157.7865626362,116603.09867588342,444.433571428573,116419.94603380925,114513.60857248693,0,1,1,1
run-20251017-171201,673,2025-10-01 18:30:00,116768.08,117076.37,116768.07,117027.1,327.23594,117131.64925010897,116641.6442508031,455.02571428571537,116467.73317461592,114563.66730128104,0,1,1,1
run-20251017-171201,674,2025-10-01 19:00:00,117027.09,117339.09,117027.09,117234.01,201.03098,117152.12140008717,116695.49568254827,441.3992857142865,116520.6546913698,114614.97525551423,0,1,1,1
run-20251017-171201,675,2025-10-01 19:30:00,117234.01,117495.27,117214.8,117470.87,173.98082,117215.87112006974,116765.98425686205,441.66428571428696,116590.96544943441,114670.8060026638,0,1,1,0
run-20251017-171201,676,2025-10-01 20:00:00,117470.87,117623.59,117306.59,117439.53,309.30652,117260.6028960558,116827.2156880564,443.69071428571624,116659.88323878973,114726.59007874779,0,1,1,1
run-20251017-171201,677,2025-10-01 20:30:00,117439.53,117441.0,117163.25,117393.72,248.11001,117287.22631684465,116878.71608005126,445.8621428571444,116709.4181146998,114777.60113780579,0,1,1,1
run-20251017-171201,678,2025-10-01 21:00:00,117393.71,117542.24,117306.52,117536.12,164.72402,117337.00505347573,116938.48007277388,430.96857142857334,116766.9814046114,114830.65392931481,0,1,1,0
run-20251017-171201,679,2025-10-01 21:30:00,117536.13,117579.43,117423.9,117490.0,119.66828,117367.60404278059,116988.61824797625,389.4692857142883,116825.94636388772,114884.19394061524,0,1,1,0
run-20251017-171201,680,2025-10-01 22:00:00,117490.0,117554.96,117339.54,117554.96,159.24356,117405.07523422447,117040.10386179658,378.95000000000334,116874.88505947497,114935.21809020333,0,1,1,0
run-20251017-171201,681,2025-10-01 22:30:00,117554.95,118080.0,117554.95,117800.01,382.39362,117484.06218737958,117109.18623799688,376.5857142857172,116947.33950319086,114992.28993366854,0,1,1,1
run-20251017-171201,682,2025-10-01 23:00:00,117800.01,117875.95,117640.72,117745.39,211.42734,117536.32774990366,117167.02294363352,375.82500000000226,117005.20149448724,115045.88954736784,0,1,1,1
run-20251017-171201,683,2025-10-01 23:30:00,117745.39,118485.0,117686.28,118352.59,682.82907,117699.58019992293,117274.80176693956,393.5407142857158,117093.50520117795,115107.36635739994,0,1,1,1
run-20251017-171201,684,2025-10-02 00:00:00,118352.58,118649.1,118068.29,118594.99,478.39494,117878.66215993835,117394.81887903597,387.65500000000196,117198.24028759258,115173.6238241478,0,1,1,1
run-20251017-171201,685,2025-10-02 00:30:00,118594.99,119456.92,118594.98,118936.68,1612.99684,118090.26572795068,117534.98807185088,419.3050000000013,117340.09561342168,115250.27684512951,0,1,1,1
run-20251017-171201,686,2025-10-02 01:00:00,118936.68,118936.68,118397.32,118428.46,599.72601,118157.90458236056,117616.2127925917,403.0928571428573,117429.95802684562,115314.8239301991,0,1,1,1
run-20251017-171201,687,2025-10-02 01:30:00,118428.46,118700.0,118368.05,118485.0,312.58135,118223.32366588846,117695.19344781063,404.7821428571437,117518.99624085211,115379.6669008147,0,1,1,1
run-20251017-171201,688,2025-10-02 02:00:00,118485.0,118894.12,118484.99,118617.37,422.03655,118302.13293271077,117779.02767982785,411.72000000000014,117607.320543747,115444.78918094016,0,1,1,1
run-20251017-171201,689,2025-10-02 02:30:00,118617.37,118784.87,118500.0,118531.85,374.93241,118348.07634616861,117847.46607257077,412.03428571428543,117684.80289332432,115507.58884815751,0,1,1,1
run-20251017-171201,690,2025-10-02 03:00:00,118531.85,118773.0,118483.39,118753.73,269.21752,118429.2070769349,117929.85370233706,410.0778571428569,117763.92909145395,115571.06529036128,0,1,1,1
run-20251017-171201,691,2025-10-02 03:30:00,118753.73,119058.82,118721.94,118937.32,396.64527,118530.82966154793,118021.44154757915,414.30142857142863,117851.51363651709,115637.03147901283,0,1,1,1
run-20251017-171201,692,2025-10-02 04:00:00,118937.32,119024.12,118688.61,118733.99,199.2118,118571.46172923836,118086.21867961739,421.42928571428536,117928.22462179066,115700.67091409588,0,1,1,0
run-20251017-171201,693,2025-10-02 04:30:00,118733.99,118930.29,118566.0,118568.18,202.88191,118570.80538339069,118130.03334510673,436.34071428571355,117989.60974891172,115760.63559092874,0,1,1,0
run-20251017-171201,694,2025-10-02 05:00:00,118568.18,118678.81,118432.64,118662.04,207.57944,118589.05230671255,118178.39758646065,438.5371428571411,118038.68799197886,115817.40079444493,0,1,1,0
run-20251017-171201,695,2025-10-02 05:30:00,118662.04,118677.32,118402.97,118643.92,190.04136,118600.02584537004,118220.71780587331,420.6299999999984,118080.94544742072,115872.25078836698,0,1,1,0
run-20251017-171201,696,2025-10-02 06:00:00,118643.93,118643.93,118279.31,118377.34,294.77021,118555.48867629602,118234.95618715756,429.8721428571412,118107.34617426267,115922.7991349254,0,1,1,1
run-20251017-171201,697,2025-10-02 06:30:00,118377.34,118530.36,118295.87,118460.64,165.63242,118536.51894103682,118255.47289741597,389.5699999999987,118132.79255840242,115972.60255494126,0,1,1,0
run-20251017-171201,698,2025-10-02 07:00:00,118460.64,118672.34,118432.83,118649.06,215.26605,118559.02715282947,118291.25354310543,365.191428571426,118172.18611023616,116025.52090092398,0,1,1,1
run-20251017-171201,699,2025-10-02 07:30:00,118649.07,118678.98,118493.32,118521.61,189.88153,118551.54372226358,118312.19503918674,316.8857142857108,118204.23712059863,116076.30222265515,0,1,1,0
run-20251017-171201,700,2025-10-02 08:00:00,118521.62,118521.62,118424.0,118489.76,306.31146,118539.18697781088,118328.33730835159,285.33285714285427,118225.15658844956,116123.82157073755,0,1,1,1
run-20251017-171201,701,2025-10-02 08:30:00,118489.76,118644.55,118354.61,118628.9,172.11648,118557.12958224872,118355.66118941053,282.33214285714035,118245.9726831478,116170.7513428573,0,1,1,0
run-20251017-171201,702,2025-10-02 09:00:00,118628.9,118680.0,118568.28,118668.89,136.90027,118579.48166579899,118384.13653582774,261.0885714285697,118276.94635610838,116219.81401421975,0,1,1,0
run-20251017-171201,703,2025-10-02 09:30:00,118668.89,118681.0,118567.0,118681.0,162.20889,118599.78533263919,118411.12412347976,248.88357142857006,118305.18961976786,116267.8103209603,0,1,1,0
run-20251017-171201,704,2025-10-02 10:00:00,118681.0,118850.0,118600.0,118849.99,180.81693,118649.82626611137,118451.02102134524,246.0542857142843,118342.43216342277,116317.7257815487,0,1,1,0
run-20251017-171201,705,2025-10-02 10:30:00,118849.99,118926.49,118619.0,118622.34,207.12971,118644.3290128891,118466.5954739502,243.95499999999862,118368.65443459364,116364.58922390809,0,1,1,0
run-20251017-171201,706,2025-10-02 11:00:00,118622.34,118770.95,118567.85,118619.56,186.51943,118639.37521031128,118480.50133995472,234.49714285714123,118392.86213666257,116410.5260012372,0,1,1,0
run-20251017-171201,707,2025-10-02 11:30:00,118619.55,118700.0,118537.1,118689.97,162.1312,118649.49416824903,118499.54394541337,220.11214285714127,118411.45133799572,116454.54949419555,0,1,1,0
run-20251017-171201,708,2025-10-02 12:00:00,118689.97,118900.01,118670.0,118765.73,252.18554,118672.74133459924,118523.74267764852,218.95785714285532,118438.32532969155,116500.21816389788,0,1,1,1
run-20251017-171201,709,2025-10-02 12:30:00,118765.72,119147.0,118742.91,119080.53,329.28502,118754.2990676794,118574.3597069532,228.2249999999975,118479.50724974602,116549.16835594467,0,1,1,1
run-20251017-171201,710,2025-10-02 13:00:00,119080.53,119402.43,119001.56,119402.42,594.88177,118883.92325414352,118649.637915412,230.81428571428322,118543.26510059215,116603.78234904494,0,1,1,1
run-20251017-171201,711,2025-10-02 13:30:00,119402.43,119408.0,118933.25,119165.05,478.9378,118940.14860331482,118696.49355946545,247.9757142857114,118589.11518897416,116653.9865078718,0,1,1,1
run-20251017-171201,712,2025-10-02 14:00:00,119165.04,119761.36,119098.1,119621.2,1052.38863,119076.35888265187,118780.55778133222,278.24357142856854,118665.49699681927,116711.96291721077,0,1,1,1
run-20251017-171201,713,2025-10-02 14:30:00,119621.19,119716.0,119275.07,119699.99,482.31357,119201.0851061215,118864.14252848383,296.4771428571403,118735.51029963978,116768.6379417456,0,1,1,1
run-20251017-171201,714,2025-10-02 15:00:00,119699.99,119788.0,118642.2,118814.09,755.60793,119123.68608489721,118859.59229862166,371.3471428571408,118748.55687406193,116810.97228610846,0,1,1,1
run-20251017-171201,715,2025-10-02 15:30:00,118814.09,119590.0,118516.39,119428.12,664.48562,119184.57286791777,118911.2766351106,427.32357142856927,118790.98637240396,116860.2269993857,0,1,1,1
run-20251017-171201,716,2025-10-02 16:00:00,119428.13,119910.79,119196.29,119910.78,741.26592,119329.81429433422,119002.14057737325,470.37928571428347,118866.36774323025,116917.82873252328,0,1,1,1
run-20251017-171201,717,2025-10-02 16:30:00,119910.78,120300.0,119689.0,119995.31,1268.45614,119462.91343546739,119092.42870670297,505.87928571428347,118958.3801274494,116980.12810070677,0,1,1,1
run-20251017-171201,718,2025-10-02 17:00:00,119995.3,120093.95,119607.82,119731.4,302.32102,119516.61074837392,119150.5170060936,522.7457142857113,119019.63075202078,117035.08073602359,0,1,1,1
run-20251017-171201,719,2025-10-02 17:30:00,119731.4,119801.0,119359.63,119425.49,354.52152,119498.38659869914,119175.5145509942,532.3085714285678,119064.98708789,117086.11364093143,0,1,1,1
run-20251017-171201,720,2025-10-02 18:00:00,119425.5,119956.84,119385.06,119917.52,270.968,119582.21327895932,119242.9695918129,558.642857142854,119117.80057594151,117138.8485085648,0,1,1,1
run-20251017-171201,721,2025-10-02 18:30:00,119917.52,120222.23,119907.01,120146.51,481.66536,119695.07262316745,119325.10962892082,569.5228571428545,119196.21892458115,117198.22618320523,0,1,1,1
run-20251017-171201,722,2025-10-02 19:00:00,120146.51,120663.96,119968.65,120506.61,858.42044,119857.38009853396,119432.51875356438,602.75857142857,119280.45361703935,117259.41625952603,0,1,1,1
run-20251017-171201,723,2025-10-02 19:30:00,120506.6,121022.07,120439.97,120732.4,980.4566,120032.38407882718,119550.68977596762,615.4735714285707,119402.5088637107,117330.90831200937,0,1,1,1
run-20251017-171201,724,2025-10-02 20:00:00,120732.39,120955.27,120561.84,120836.49,352.30233,120193.20526306174,119667.5807054251,614.942142857143,119507.83313409051,117399.0325552309,0,1,1,1
run-20251017-171201,725,2025-10-02 20:30:00,120836.49,120914.0,120472.11,120552.0,505.12359,120264.9642104494,119747.98245947735,612.5950000000001,119592.95872931615,117462.73041557633,0,1,1,1
run-20251017-171201,726,2025-10-02 21:00:00,120552.01,120685.51,120306.02,120652.01,327.89458,120342.37336835952,119830.16678134304,592.3257142857141,119668.16926916112,117524.25567553374,0,1,1,1
run-20251017-171201,727,2025-10-02 21:30:00,120652.01,120774.97,120446.2,120459.39,200.54735,120365.77669468762,119887.36889213003,584.3142857142864,119739.53203969853,117585.12706187501,0,1,1,0
run-20251017-171201,728,2025-10-02 22:00:00,120459.39,120459.4,120141.72,120150.1,346.0614,120322.64135575011,119911.25353830002,525.1628571428571,119775.00057182476,117636.93665595686,0,1,1,1
run-20251017-171201,729,2025-10-02 22:30:00,120150.1,120412.24,120103.63,120333.95,149.95679,120324.90308460008,119949.68048936364,470.5199999999999,119820.92052785515,117691.11032975788,0,1,1,0
run-20251017-171201,730,2025-10-02 23:00:00,120333.95,120398.0,120072.46,120257.49,229.12587,120311.42046768007,119977.66317214875,442.7371428571423,119851.28802282977,117741.09131280766,0,1,1,0
run-20251017-171201,731,2025-10-02 23:30:00,120257.49,120680.35,120251.81,120560.67,250.19691,120361.27037414406,120030.6637928625,429.70428571428573,119903.1503432581,117796.22127121846,0,1,1,0
run-20251017-171201,732,2025-10-03 00:00:00,120560.66,120622.59,120277.08,120529.35,273.93029,120394.88629931526,120075.99890260227,419.66000000000037,119944.55820613714,117848.57831443583,0,1,1,1
run-20251017-171201,733,2025-10-03 00:30:00,120529.35,120550.9,120079.0,120279.46,567.3904,120371.80103945221,120094.49536600205,421.84071428571457,119965.67824411199,117895.50238088101,0,1,1,1
run-20251017-171201,734,2025-10-03 01:00:00,120279.46,120279.47,120093.27,120132.8,209.04319,120324.00083156177,120097.97760545641,394.2992857142859,119981.29361942055,117940.52709153906,0,1,1,0
run-20251017-171201,735,2025-10-03 01:30:00,120132.8,120293.68,120005.55,120119.23,290.52682,120283.04666524944,120099.90964132402,392.3642857142851,119995.89500969964,117984.71318264495,0,1,1,1
run-20251017-171201,736,2025-10-03 02:00:00,120119.23,120163.5,119820.0,119875.72,247.08369,120201.58133219955,120079.52876484001,367.2349999999985,119995.10848069546,118024.36835687046,0,1,1,0
run-20251017-171201,737,2025-10-03 02:30:00,119875.72,120170.0,119866.18,119985.8,238.89701,120158.42506575966,120071.00796803637,347.3578571428557,119999.92043143015,118064.65290167142,0,1,1,0
run-20251017-171201,738,2025-10-03 03:00:00,119985.79,120269.11,119928.01,120157.82,212.29775,120158.30405260772,120078.89997094216,343.61999999999847,120008.9979222852,118105.29962622435,0,1,1,0
run-20251017-171201,739,2025-10-03 03:30:00,120157.82,120472.12,120157.82,120184.53,267.34234,120163.54924208618,120088.50270085651,334.5064285714262,120026.44835501992,118147.50507804537,0,1,1,1
run-20251017-171201,740,2025-10-03 04:00:00,120184.54,120407.54,120173.77,120225.89,236.07403,120176.01739366895,120100.99245532409,324.0978571428547,120046.21239538748,118189.81801281343,0,1,1,0
run-20251017-171201,741,2025-10-03 04:30:00,120225.88,120324.53,120174.29,120200.0,120.72019,120180.81391493516,120109.99314120371,311.34571428571195,120060.29795514239,118230.21358742172,0,1,1,0
run-20251017-171201,742,2025-10-03 05:00:00,120200.01,120200.01,120000.4,120039.98,168.60557,120152.64713194814,120103.62831018519,302.9121428571411,120058.255244251,118265.92405572852,0,1,1,0
run-20251017-171201,743,2025-10-03 05:30:00,120039.98,120065.41,119946.64,120018.96,152.12765,120125.90970555852,120095.93119107744,289.3521428571413,120055.34823585032,118300.66672733115,0,1,1,0
run-20251017-171201,744,2025-10-03 06:00:00,120018.96,120019.2,119746.81,119920.4,302.60435,120084.80776444681,120079.9738100704,285.5557142857132,120042.30814851083,118332.04347538528,0,1,1,1
run-20251017-171201,745,2025-10-03 06:30:00,119920.41,120075.62,119786.62,119979.8,190.63995,120063.80621155746,120070.867100064,275.5885714285697,120039.96316977106,118365.31509142678,0,1,1,0
run-20251017-171201,746,2025-10-03 07:00:00,119979.81,120026.0,119765.99,119916.93,165.52352,120034.43096924596,120056.87281824,269.4814285714269,120030.89494449069,118396.14193004112,0,1,1,0
run-20251017-171201,747,2025-10-03 07:30:00,119916.94,120011.05,119775.78,119775.78,242.32405,119982.70077539678,120031.31892567272,252.5792857142847,120014.90023134263,118424.4078193995,0,1,1,0
run-20251017-171201,748,2025-10-03 08:00:00,119775.78,119817.94,119610.59,119640.21,951.36995,119914.20262031743,119995.76356879337,254.08999999999963,119986.13043270037,118448.49335056162,0,1,1,1
run-20251017-171201,749,2025-10-03 08:30:00,119640.22,119732.07,119248.3,119648.59,547.25621,119861.08009625395,119964.20233526669,268.0642857142863,119954.52974583374,118470.7808439294,0,1,1,1
run-20251017-171201,750,2025-10-03 09:00:00,119648.6,120072.59,119648.6,120038.6,820.79213,119896.58407700316,119970.96575933335,273.8142857142863,119954.23329478924,118500.05829262763,0,1,1,1
run-20251017-171201,751,2025-10-03 09:30:00,120038.6,120365.35,120008.6,120291.26,828.27118,119975.51926160255,120000.08341757578,277.59500000000014,119971.79038861553,118533.34145457654,0,1,1,1
run-20251017-171201,752,2025-10-03 10:00:00,120291.26,120334.3,120163.47,120300.0,245.2006,120040.41540928204,120027.34856143252,265.43285714285696,119992.99152751475,118567.26866123825,1,1,1,0
run-20251017-171201,753,2025-10-03 10:30:00,120300.01,120515.89,120271.18,120468.26,271.97697,120125.98432742564,120067.43141948411,260.462142857144,120024.64525088924,118603.63223419462,0,1,1,1
run-20251017-171201,754,2025-10-03 11:00:00,120468.27,120510.47,120350.84,120425.95,303.60378,120185.97746194052,120100.02401771283,255.16642857143077,120058.00591594966,118640.37125928422,0,1,1,1
run-20251017-171201,755,2025-10-03 11:30:00,120425.95,120471.0,120130.76,120270.01,246.34842,120202.78396955243,120115.47728882983,268.73785714285935,120075.0231542465,118672.82760968577,0,1,1,0
run-20251017-171201,756,2025-10-03 12:00:00,120270.01,120466.66,120190.42,120334.5,203.95597,120229.12717564194,120135.38844439076,274.2114285714311,120095.5441727589,118705.87995275282,0,1,1,0
run-20251017-171201,757,2025-10-03 12:30:00,120334.51,120400.0,120215.04,120215.04,191.97609,120226.30974051356,120142.62949490068,278.9392857142884,120110.42461314655,118737.25179745464,0,1,1,0
run-20251017-171201,758,2025-10-03 13:00:00,120215.0,120384.65,120102.18,120358.07,231.66288,120252.66179241086,120162.21499536425,279.65928571428856,120126.79595392729,118768.64805848869,0,1,1,0
run-20251017-171201,759,2025-10-03 13:30:00,120358.07,120545.0,120138.89,120529.7,235.27879,120308.0694339287,120195.6227230584,288.02428571428857,120147.9581950709,118800.95237603552,0,1,1,0
run-20251017-171201,760,2025-10-03 14:00:00,120529.69,120691.44,120113.0,120374.73,560.59044,120321.40154714296,120211.90520278037,310.76928571428914,120161.83341267407,118831.1841816634,0,1,1,1
run-20251017-171201,761,2025-10-03 14:30:00,120374.72,120472.12,119881.24,120448.88,527.26186,120346.89723771437,120233.44836616397,336.1700000000024,120173.04856740886,118860.37833415144,0,1,1,1
run-20251017-171201,762,2025-10-03 15:00:00,120448.88,120975.0,120303.23,120917.85,624.57853,120461.0877901715,120295.6666965127,369.34285714285943,120221.06224926902,118898.69128761,0,1,1,1
run-20251017-171201,763,2025-10-03 15:30:00,120917.1,121472.46,120641.27,121293.73,1004.96897,120627.61623213721,120386.39972410245,394.15857142857357,120286.82465224717,118941.74533156714,0,1,1,1
run-20251017-171201,764,2025-10-03 16:00:00,121293.72,122366.0,121285.81,122258.05,1553.1035,120953.70298570978,120556.54974918404,441.02928571428805,120417.37296810669,119001.91562029134,0,1,1,1
run-20251017-171201,765,2025-10-03 16:30:00,122258.04,123830.94,122258.04,123659.82,3237.46165,121494.92638856784,120838.66522653094,527.8971428571458,120638.78670373863,119086.94275387138,0,1,1,1
run-20251017-171201,766,2025-10-03 17:00:00,123659.83,123894.99,122508.63,122553.3,1441.81375,121706.60111085427,120994.54111502813,614.7207142857171,120844.11316250537,119170.66182658996,0,1,1,1
run-20251017-171201,767,2025-10-03 17:30:00,122553.3,123113.97,121661.44,122509.01,1869.26123,121867.08288868342,121132.22010457102,700.9935714285738,120951.98715231658,119231.47817813396,0,1,1,1
run-20251017-171201,768,2025-10-03 18:00:00,122509.0,122979.0,121603.42,122073.25,1062.82764,121908.31631094674,121217.76827688274,787.847142857145,121070.07023941258,119296.08098493313,0,1,1,1
run-20251017-171201,769,2025-10-03 18:30:00,122073.26,122592.57,121466.25,122474.4,771.73346,122021.53304875741,121332.00752443884,843.9957142857165,121149.32586883107,119351.50516136573,0,1,1,1
run-20251017-171201,770,2025-10-03 19:00:00,122474.4,122732.12,122203.45,122538.46,403.35808,122124.91843900594,121441.68502221712,862.0264285714303,121255.70020417664,119414.46864471782,0,1,1,1
run-20251017-171201,771,2025-10-03 19:30:00,122538.46,122819.12,122355.08,122787.66,329.22197,122257.46675120476,121564.04638383373,881.9607142857151,121356.21877363634,119476.7805658145,0,1,1,1
run-20251017-171201,772,2025-10-03 20:00:00,122787.66,122961.63,122572.78,122660.99,331.99174,122338.17140096382,121663.76853075792,889.5592857142868,121463.834592657,119541.70710345834,0,1,1,1
run-20251017-171201,773,2025-10-03 20:30:00,122661.0,122695.6,122037.43,122149.99,358.43309,122300.53512077108,121707.9704825072,907.5635714285735,121514.60685004594,119592.8350427973,0,1,1,1
run-20251017-171201,774,2025-10-03 21:00:00,122150.0,122734.92,122150.0,122447.94,259.22506,122330.01609661688,121775.2404386429,908.0271428571442,121594.86894539036,119651.59143609853,0,1,1,1
run-20251017-171201,775,2025-10-03 21:30:00,122447.94,122452.1,122276.5,122291.65,156.35693,122322.34287729351,121822.18676240263,878.3642857142883,121654.4813602008,119705.44630432263,0,1,1,0
run-20251017-171201,776,2025-10-03 22:00:00,122291.65,122403.85,121999.33,122306.57,236.39849,122319.18830183482,121866.22160218422,859.2750000000025,121699.02607683282,119755.48912594939,0,1,1,0
run-20251017-171201,777,2025-10-03 22:30:00,122306.57,122534.23,122306.56,122481.13,107.50541,122351.57664146787,121922.12236562201,816.1664285714307,121758.16820856424,119809.2003112973,0,1,1,0
run-20251017-171201,778,2025-10-03 23:00:00,122481.14,122665.0,122447.83,122477.0,120.48989,122376.66131317429,121972.5657869291,754.5221428571448,121817.47285227326,119863.08070462823,0,1,1,0
run-20251017-171201,779,2025-10-03 23:30:00,122477.0,122477.0,122277.05,122277.05,151.12385,122356.73905053944,122000.24616993555,656.4542857142868,121853.51969177552,119911.06609697737,0,1,1,0
run-20251017-171201,780,2025-10-04 00:00:00,122277.05,122332.68,122180.79,122232.0,139.72898,122331.79124043157,122021.3146999414,568.2778571428581,121885.22138406501,119957.70358521822,0,1,1,0
run-20251017-171201,781,2025-10-04 00:30:00,122232.21,122295.56,122060.18,122168.46,257.55138,122299.12499234526,122034.69154540126,481.33857142857283,121907.44330762787,120001.59560848067,0,1,1,1
run-20251017-171201,782,2025-10-04 01:00:00,122168.45,122181.74,121982.23,122100.0,186.81074,122259.29999387621,122040.6286776375,397.3335714285734,121920.55981607633,120042.7053140131,0,1,1,0
run-20251017-171201,783,2025-10-04 01:30:00,122100.0,122103.24,121950.0,121950.01,162.04425,122197.44199510096,122032.3906160341,327.827857142859,121928.09848458257,120081.85176555613,0,1,1,0
run-20251017-171201,784,2025-10-04 02:00:00,121950.0,122029.16,121698.8,121865.21,324.25272,122130.99559608077,122017.19237821281,313.66285714285914,121923.96885101222,120117.34952817477,0,1,1,1
run-20251017-171201,785,2025-10-04 02:30:00,121865.22,122030.0,121685.71,121805.05,266.74709,122065.80647686461,121997.9067074662,305.1092857142877,121917.33561371794,120151.42499901609,0,1,1,1
run-20251017-171201,786,2025-10-04 03:00:00,121805.05,121950.09,121684.97,121854.53,176.7675,122023.5511814917,121984.8724613329,296.2714285714298,121908.66652385113,120184.14507576637,0,1,1,0
run-20251017-171201,787,2025-10-04 03:30:00,121854.53,122066.53,121829.54,122051.16,154.69339,122029.07294519337,121990.89860121172,266.18714285714356,121913.4758338203,120219.50742470296,0,1,1,0
run-20251017-171201,788,2025-10-04 04:00:00,122051.16,122325.6,122038.26,122243.99,201.71013,122072.0563561547,122013.90691019247,244.93071428571628,121933.229887352,120258.11524431726,0,1,1,0
run-20251017-171201,789,2025-10-04 04:30:00,122243.99,122377.75,122219.3,122342.56,165.94112,122126.15708492378,122043.78446381133,243.70571428571566,121962.41465572172,120298.79159798542,0,1,1,0
run-20251017-171201,790,2025-10-04 05:00:00,122342.55,122522.0,122296.0,122495.0,149.4756,122199.92566793902,122084.8040580103,230.95428571428678,122002.86853071429,120342.1494649098,0,1,1,0
run-20251017-171201,791,2025-10-04 05:30:00,122495.01,122800.0,122442.72,122687.13,225.70836,122297.36653435123,122139.56096182755,240.212142857144,122054.34968944444,120388.28705130797,0,1,1,0
run-20251017-171201,792,2025-10-04 06:00:00,122687.13,122718.08,122405.64,122522.7,363.17096,122342.433227481,122174.39178347959,247.01714285714428,122088.47625696122,120430.0583564478,0,1,1,1
run-20251017-171201,793,2025-10-04 06:30:00,122522.7,122606.86,122373.9,122507.45,235.28946,122375.43658198482,122204.66980316325,249.37500000000207,122116.908255657,120470.204347756,0,1,1,0
run-20251017-171201,794,2025-10-04 07:00:00,122507.45,122561.89,122430.26,122430.27,123.25023,122386.40326558787,122225.17891196659,247.9278571428596,122143.8276900548,120509.75491882591,0,1,1,0
run-20251017-171201,795,2025-10-04 07:30:00,122430.27,122455.0,122317.0,122376.21,127.24968,122384.3646124703,122238.90901087872,240.97214285714497,122163.72306952003,120547.24340883705,0,1,1,0
run-20251017-171201,796,2025-10-04 08:00:00,122376.22,122393.02,122259.98,122324.08,126.0899,122372.30768997625,122246.65182807157,236.22428571428776,122175.59795075648,120582.30831943161,0,1,1,0
run-20251017-171201,797,2025-10-04 08:30:00,122324.08,122539.83,122296.75,122432.81,342.3541,122384.40815198101,122263.57529824687,242.64142857143037,122196.41805450454,120619.22349540386,0,1,1,1
run-20251017-171201,798,2025-10-04 09:00:00,122432.82,122432.82,122197.63,122267.57,156.688,122361.04052158483,122263.9384529517,235.84357142857334,122200.64279464261,120651.53733327118,0,1,1,0
run-20251017-171201,799,2025-10-04 09:30:00,122267.58,122457.17,122267.57,122368.69,145.64103,122362.57041726787,122273.46132086517,224.79428571428747,122215.2773663733,120685.98735216634,0,1,1,0
run-20251017-171201,800,2025-10-04 10:00:00,122368.69,122368.7,122186.03,122208.78,98.37384,122331.8123338143,122267.58120078652,218.90500000000196,122219.26255158105,120717.31350890176,0,1,1,0
run-20251017-171201,801,2025-10-04 10:30:00,122208.79,122318.9,122196.94,122292.43,83.45707,122323.93586705145,122269.8401825332,210.68857142857243,122222.49874907579,120747.87829821091,0,1,1,0
run-20251017-171201,802,2025-10-04 11:00:00,122292.43,122331.01,122099.69,122129.53,125.32541,122285.05469364117,122257.0847113938,206.68714285714253,122219.1882954752,120776.24060660505,0,1,1,0
run-20251017-171201,803,2025-10-04 11:30:00,122129.53,122215.97,121962.81,122094.75,232.45007,122246.99375491294,122242.32701035801,213.45214285714297,122207.26606591155,120801.73365021081,0,1,1,0
run-20251017-171201,804,2025-10-04 12:00:00,122094.76,122134.53,121973.25,121973.26,84.44681,122192.24700393036,122217.86637305273,208.82928571428576,122192.52637610675,120825.78237078286,0,1,1,0
run-20251017-171201,805,2025-10-04 12:30:00,121973.26,122103.0,121973.25,122077.33,85.80478,122169.2636031443,122205.09033913884,192.57714285714297,122184.52267936654,120850.78820636551,0,1,1,0
run-20251017-171201,806,2025-10-04 13:00:00,122077.33,122079.65,121945.0,122005.62,128.39086,122136.53488251544,122186.9566719444,179.8778571428567,122172.12564135295,120874.01102943694,0,1,1,0
run-20251017-171201,807,2025-10-04 13:30:00,122005.62,122509.52,122005.62,122314.51,230.70281,122172.12990601236,122198.55242904037,199.230714285714,122185.9752652397,120903.2936010676,0,1,1,0
run-20251017-171201,808,2025-10-04 14:00:00,122314.51,122450.0,122314.5,122385.42,88.46547,122214.78792480989,122215.54039003671,199.50714285714224,122202.05615987719,120932.83667126752,0,1,1,0
run-20251017-171201,809,2025-10-04 14:30:00,122385.42,122459.98,122292.43,122313.55,110.36102,122234.54033984792,122224.45035457882,201.61785714285674,122214.8349095983,120961.27644807965,1,1,1,0
run-20251017-171201,810,2025-10-04 15:00:00,122313.56,122313.56,122000.0,122000.01,119.50046,122187.63427187834,122204.04668598075,214.5121428571417,122207.55336330086,120984.26005050376,0,1,1,0
run-20251017-171201,811,2025-10-04 15:30:00,122000.01,122144.28,121698.88,121733.94,396.52002,122096.89541750267,122161.30971452795,228.96357142856974,122177.49445801052,121000.7674245687,0,1,1,1
run-20251017-171201,812,2025-10-04 16:00:00,121733.94,122012.09,121711.0,121791.31,304.31124,122035.77833400214,122127.67337684358,233.67071428571217,122151.68170460717,121017.43641742395,0,1,1,1
run-20251017-171201,813,2025-10-04 16:30:00,121791.31,121964.95,121595.67,121710.79,334.17371,121970.78066720172,122089.77488803962,246.50499999999843,122117.01777499494,121030.96656088725,0,1,1,1
run-20251017-171201,814,2025-10-04 17:00:00,121710.78,121900.0,121615.77,121719.99,317.87978,121920.62253376139,122056.15808003602,253.75928571428398,122090.74688879772,121045.72354044941,0,1,1,1
run-20251017-171201,815,2025-10-04 17:30:00,121720.0,121862.34,121660.57,121846.53,126.5099,121905.80402700912,122037.10098185093,259.4599999999981,122069.45508650648,121060.9236238048,0,1,1,0
run-20251017-171201,816,2025-10-04 18:00:00,121846.53,121910.24,121669.22,121747.37,162.82473,121874.1172216073,122010.76180168267,260.1528571428561,122043.6161486744,121074.23582006125,0,1,1,0
run-20251017-171201,817,2025-10-04 18:30:00,121747.36,121829.69,121700.01,121732.1,133.6537,121845.71377728584,121985.42891062061,251.33285714285634,122018.60873239802,121086.98697186323,0,1,1,0
run-20251017-171201,818,2025-10-04 19:00:00,121732.11,121732.11,121510.0,121574.66,154.46749,121791.50302182868,121948.08628238237,255.67785714285648,121988.35880295566,121097.65987853656,0,1,1,0
run-20251017-171201,819,2025-10-04 19:30:00,121574.66,121866.87,121574.65,121826.01,117.11535,121798.40441746295,121936.98843852941,267.2828571428566,121974.93215912978,121111.8357196586,0,1,1,0
run-20251017-171201,820,2025-10-04 20:00:00,121826.02,121959.25,121826.01,121959.25,96.60998,121830.57353397037,121939.01221684492,267.18214285714305,121971.03686046544,121127.91260350488,0,1,1,0
run-20251017-171201,821,2025-10-04 20:30:00,121959.25,122079.65,121891.49,122057.28,135.99485,121875.91482717631,121949.76383349538,244.62928571428452,121973.2480361313,121145.15971514065,0,1,1,0
run-20251017-171201,822,2025-10-04 21:00:00,122057.28,122061.83,121892.89,121892.89,75.25102,121879.30986174106,121944.5934849958,247.01785714285612,121972.21543819734,121161.31146999542,0,1,1,0
run-20251017-171201,823,2025-10-04 21:30:00,121892.89,122327.33,121871.01,122327.33,190.21871,121968.91388939285,121979.38771363255,267.644285714285,121992.54652330329,121182.57671253903,0,1,1,0
run-20251017-171201,824,2025-10-04 22:00:00,122327.32,122347.55,122188.88,122190.67,92.32169,122013.2651115143,121998.59519421139,256.58071428571355,122012.64287675939,121203.8096659305,1,1,1,0
run-20251017-171201,825,2025-10-04 22:30:00,122190.67,122275.02,122139.98,122234.24,55.91037,122057.46008921144,122020.01744928308,234.41214285714315,122028.23580434422,121223.83553279657,0,1,1,0
run-20251017-171201,826,2025-10-04 23:00:00,122234.25,122365.14,122212.79,122287.19,102.231,122103.40607136916,122044.30586298462,223.7878571428581,122048.34550797021,121244.94325472828,0,1,1,0
run-20251017-171201,827,2025-10-04 23:30:00,122287.19,122292.44,122214.0,122214.01,37.66634,122125.52685709533,122059.7335118042,203.01357142857265,122062.6661225054,121264.54587387675,0,1,1,0
run-20251017-171201,828,2025-10-05 00:00:00,122214.0,122410.0,122214.0,122391.0,95.79266,122178.62148567627,122089.84864709472,196.71142857143008,122085.99129570759,121286.34893075401,0,1,1,0
run-20251017-171201,829,2025-10-05 00:30:00,122390.99,122410.0,122253.3,122404.01,88.72188,122223.69918854101,122118.4087700861,193.4921428571449,122104.7668208358,121306.99570324473,0,1,1,0
run-20251017-171201,830,2025-10-05 01:00:00,122404.01,122404.02,122157.7,122157.7,102.94371,122210.4993508328,122121.98070007826,193.87071428571653,122113.1187454159,121324.96041098476,0,1,1,0
run-20251017-171201,831,2025-10-05 01:30:00,122157.71,122306.53,122136.0,122248.01,199.80498,122218.00148066625,122133.43790916205,196.78857142857305,122125.69553546466,121343.81456437732,0,1,1,0
run-20251017-171201,832,2025-10-05 02:00:00,122248.01,122410.0,122248.01,122377.72,108.9293,122249.94518453302,122155.6453719655,192.49428571428766,122145.57418710137,121364.4180600457,0,1,1,0
run-20251017-171201,833,2025-10-05 02:30:00,122377.71,122853.91,122342.0,122853.91,360.61215,122370.73814762643,122219.12397451409,208.1864285714307,122182.89418809318,121389.42911699884,0,1,1,1
run-20251017-171201,834,2025-10-05 03:00:00,122853.91,124362.28,122835.0,124031.44,2273.02279,122702.87851810115,122383.87997683098,307.76071428571595,122311.52973687495,121438.21369179654,0,1,1,1
run-20251017-171201,835,2025-10-05 03:30:00,124031.44,124129.25,123344.98,123835.32,616.69755,122929.36681448092,122515.82906984634,350.34000000000276,122422.41690820327,121484.03737256097,0,1,1,1
run-20251017-171201,836,2025-10-05 04:00:00,123835.32,124173.0,123737.77,123776.22,461.29379,123098.73745158475,122630.41006349667,369.3607142857166,122535.32841084048,121531.73020942026,0,1,1,1
run-20251017-171201,837,2025-10-05 04:30:00,123776.23,124066.3,123734.0,124019.24,230.2391,123282.8379612678,122756.66733045151,360.50214285714486,122645.23991327491,121579.8906592226,0,1,1,1
run-20251017-171201,838,2025-10-05 05:00:00,124019.25,125708.42,123993.0,125172.81,3436.832673,123660.83236901424,122976.31666404683,471.6985714285734,122806.70014293469,121642.43548515816,0,1,1,1
run-20251017-171201,839,2025-10-05 05:30:00,125172.81,125437.91,124876.72,125392.08,1272.32223,124007.08189521139,123195.93151276984,502.1378571428587,122998.19634109427,121714.77466616542,0,1,1,1
run-20251017-171201,840,2025-10-05 06:00:00,125392.08,125392.08,124962.42,125127.99,683.92773,124231.26351616911,123371.57319342712,521.9457142857157,123165.80677238267,121783.36624229148,0,1,1,1
run-20251017-171201,841,2025-10-05 06:30:00,125127.99,125225.54,124805.34,124990.47,486.08546,124383.1048129353,123518.7456303883,546.3571428571439,123309.52475220714,121847.76409942786,0,1,1,1
run-20251017-171201,842,2025-10-05 07:00:00,124990.48,125200.99,124828.97,125000.01,335.1147,124506.48585034825,123653.40602762571,558.9300000000013,123442.16723954225,121910.87748227626,0,1,1,1
run-20251017-171201,843,2025-10-05 07:30:00,125000.01,125164.26,124770.34,124770.35,524.05861,124559.25868027861,123754.94638875064,575.8742857142871,123553.40070824335,121969.87985138048,0,1,1,1
run-20251017-171201,844,2025-10-05 08:00:00,124770.34,124933.0,124622.6,124713.63,373.9687,124590.13294422289,123842.09944431875,580.4514285714291,123642.2775857333,122024.12202407165,0,1,1,1
run-20251017-171201,845,2025-10-05 08:30:00,124713.63,124838.37,124558.0,124739.99,283.38906,124620.10435537832,123923.72585847159,588.2971428571431,123723.18954376996,122076.98645566353,0,1,1,1
run-20251017-171201,846,2025-10-05 09:00:00,124739.99,124765.58,124570.63,124595.99,248.89888,124615.28148430267,123984.84078042871,590.6514285714283,123794.02291218442,122127.83928939214,0,1,1,1
run-20251017-171201,847,2025-10-05 09:30:00,124596.0,124665.37,123937.21,124013.4,532.02539,124494.90518744214,123987.437073117,606.0978571428558,123825.28564096685,122168.93967078089,0,1,1,1
run-20251017-171201,848,2025-10-05 10:00:00,124013.4,124026.3,122789.35,123020.5,1682.90397,124200.02414995372,123899.53370283364,585.3599999999985,123762.20696038501,122185.4891557782,0,1,1,1
run-20251017-171201,849,2025-10-05 10:30:00,123020.51,123130.0,122520.24,123012.29,610.01529,123962.47731996299,123818.87518439422,572.8949999999978,123698.78529484215,122200.35557778206,0,1,1,1
run-20251017-171201,850,2025-10-05 11:00:00,123012.29,123113.58,122664.63,123028.01,383.87492,123775.5838559704,123746.97834944929,573.874999999998,123639.24382657286,122214.6623087485,0,1,1,1
run-20251017-171201,851,2025-10-05 11:30:00,123028.01,123463.72,122850.0,123362.0,444.19198,123692.86708477631,123711.98031768117,593.9764285714264,123599.78333241117,122232.63783343852,0,1,1,1
run-20251017-171201,852,2025-10-05 12:00:00,123362.01,123538.46,123162.0,123464.64,270.01015,123647.22166782105,123689.4948342556,498.33642857142695,123585.0704194999,122255.90347323085,0,1,1,1
run-20251017-171201,853,2025-10-05 12:30:00,123464.64,123464.65,122927.17,123133.02,392.70535,123544.38133425686,123638.90621295963,496.64285714285506,123550.9493184234,122273.43866595913,0,1,1,1
run-20251017-171201,854,2025-10-05 13:00:00,123133.03,123234.35,122960.5,123085.88,181.08726,123452.6810674055,123588.63110269058,485.5135714285695,123514.02727932895,122289.22259970417,0,1,1,0
run-20251017-171201,855,2025-10-05 13:30:00,123085.89,123326.04,123070.46,123288.76,424.26755,123419.89685392441,123561.37009335507,473.7549999999974,123495.12774227945,122308.60235961697,0,1,1,1
run-20251017-171201,856,2025-10-05 14:00:00,123288.77,123358.83,123096.39,123161.39,260.56457,123368.19548313954,123525.00826668643,465.9278571428544,123473.49512080467,122326.5424158608,0,1,1,1
run-20251017-171201,857,2025-10-05 14:30:00,123161.4,123339.42,123144.0,123206.52,200.30387,123335.86038651165,123496.05478789675,451.74928571428296,123455.19059017765,122344.54880202231,0,1,1,0
run-20251017-171201,858,2025-10-05 15:00:00,123206.53,123228.95,122770.32,123034.67,353.18256,123275.62230920931,123454.11071626977,462.33714285713984,123418.3407331859,122357.03385433248,0,1,1,1
run-20251017-171201,859,2025-10-05 15:30:00,123034.67,123034.67,122830.0,122892.0,183.15371,123198.89784736745,123403.00974206343,456.92999999999716,123379.8349559321,122368.14111743326,0,1,1,0
run-20251017-171201,860,2025-10-05 16:00:00,122891.99,122907.06,122675.0,122803.17,237.82517,123119.75227789397,123348.4788564213,459.5807142857115,123334.3428639727,122376.45457913108,0,1,1,1
run-20251017-171201,861,2025-10-05 16:30:00,122803.17,123112.0,122775.61,122952.31,269.00226,123086.26382231519,123312.46350583754,431.5971428571408,123309.40132118357,122389.01676711394,0,1,1,1
run-20251017-171201,862,2025-10-05 17:00:00,122952.31,123348.45,122301.63,123265.54,745.5782,123122.11905785216,123308.19773257957,418.0164285714262,123296.7501315501,122403.94726651517,0,1,1,1
run-20251017-171201,863,2025-10-05 17:30:00,123265.55,123464.0,123160.3,123190.91,257.1759,123135.87724628174,123297.53521143598,396.1549999999978,123289.033704672,122419.64063516418,0,1,1,1
run-20251017-171201,864,2025-10-05 18:00:00,123190.92,123190.92,122890.38,123057.05,133.15237,123120.1117970254,123275.67291948726,385.55428571428325,123273.43598804977,122432.84804517555,0,1,1,0
run-20251017-171201,865,2025-10-05 18:30:00,123057.05,123160.3,122856.05,123042.6,133.59033,123104.60943762033,123254.48447226113,363.4492857142832,123252.95719619666,122444.20851704158,0,1,1,0
run-20251017-171201,866,2025-10-05 19:00:00,123042.61,123220.3,122963.4,122999.44,452.92993,123083.57555009627,123231.29861114649,354.9092857142833,123233.53533566635,122455.22174360447,0,1,1,1
run-20251017-171201,867,2025-10-05 19:30:00,122999.44,123026.0,122613.89,122843.15,196.33122,123035.49044007703,123196.01237376954,345.9542857142837,123201.09041173969,122462.26878266582,0,1,1,0
run-20251017-171201,868,2025-10-05 20:00:00,122843.15,122879.86,122500.0,122591.79,198.40029,122946.75035206164,123141.08306706321,353.52642857142615,123160.05285605036,122466.35354229722,0,1,1,0
run-20251017-171201,869,2025-10-05 20:30:00,122591.8,122794.69,122473.62,122741.02,125.00186,122905.60428164931,123104.7136973302,358.2042857142847,123126.15981060243,122471.35514934067,0,1,1,0
run-20251017-171201,870,2025-10-05 21:00:00,122741.02,123055.05,122705.32,122705.32,222.7064,122865.54742531946,123068.40517939109,364.43928571428427,123102.37995588483,122478.23132667609,0,1,1,1
run-20251017-171201,871,2025-10-05 21:30:00,122705.31,122801.44,122517.58,122680.91,180.34067,122828.61994025556,123033.17834490098,370.7564285714273,123067.64316573605,122481.63585969903,0,1,1,0
run-20251017-171201,872,2025-10-05 22:00:00,122680.91,122766.0,122489.85,122729.99,59.52305,122808.89395220447,123005.6157680918,357.7221428571419,123039.38977352259,122485.95488329354,0,1,1,0
run-20251017-171201,873,2025-10-05 22:30:00,122730.0,123278.76,122730.0,123130.59,238.02997,122873.23316176358,123016.97706190163,382.3007142857127,123038.46074826135,122496.64317450825,0,1,1,1
run-20251017-171201,874,2025-10-05 23:00:00,123130.59,123265.54,123040.0,123237.4,90.98939,122946.06652941086,123037.01551081966,381.8349999999981,123049.98256692638,122510.32416904785,0,1,1,0
run-20251017-171201,875,2025-10-05 23:30:00,123237.4,123500.0,123219.62,123465.28,250.30526,123049.9092235287,123075.94864619969,377.8342857142842,123082.32052410238,122529.33942126344,0,1,1,1
run-20251017-171201,876,2025-10-06 00:00:00,123465.29,123548.83,123442.94,123482.31,247.06542,123136.38937882296,123112.89058745425,310.624999999999,123114.10647380617,122548.47879462029,1,1,1,1
run-20251017-171201,877,2025-10-06 00:30:00,123482.32,124358.46,123268.55,123660.66,725.6097,123241.24350305837,123162.6878067766,366.7828571428566,123150.60706021092,122569.05685665598,0,1,1,1
run-20251017-171201,878,2025-10-06 01:00:00,123660.66,123881.16,123084.0,123347.29,579.48566,123262.4528024467,123179.46982434235,402.2557142857144,123179.17640583101,122587.98254648237,0,1,1,1
run-20251017-171201,879,2025-10-06 01:30:00,123347.29,123991.89,123192.01,123851.35,342.79706,123380.23224195738,123240.54984031123,437.6578571428576,123217.12937731652,122609.40852412685,0,1,1,1
run-20251017-171201,880,2025-10-06 02:00:00,123851.35,124239.7,123727.68,124035.32,377.79581,123511.2497935659,123312.80167301021,455.8807142857144,123273.3438042818,122635.89214534164,0,1,1,1
run-20251017-171201,881,2025-10-06 02:30:00,124035.33,124107.46,123807.69,123871.43,252.6726,123583.28583485272,123363.58606637291,447.8564285714289,123319.09575320284,122660.29567158422,0,1,1,1
run-20251017-171201,882,2025-10-06 03:00:00,123871.44,124244.93,123476.04,124110.61,443.39629,123688.75066788218,123431.49733306628,475.644285714286,123369.72702169936,122686.3390502811,0,1,1,1
run-20251017-171201,883,2025-10-06 03:30:00,124110.61,124126.31,123880.4,123910.59,147.45425,123733.11853430576,123475.05121187842,470.27571428571434,123414.92653560177,122711.52508774985,0,1,1,0
run-20251017-171201,884,2025-10-06 04:00:00,123910.59,123988.0,123742.64,123839.09,156.07306,123754.3128274446,123508.1456471622,462.82071428571464,123449.59426066125,122734.3891502681,0,1,1,0
run-20251017-171201,885,2025-10-06 04:30:00,123839.09,123985.21,123745.15,123966.44,132.55605,123796.73826195569,123549.80877014744,459.69214285714406,123487.43361009138,122758.28810523917,0,1,1,0
run-20251017-171201,886,2025-10-06 05:00:00,123966.43,123988.0,123554.27,123580.26,242.11406,123753.44260956455,123552.5770637704,470.9478571428585,123499.77956087251,122775.92611063036,0,1,1,1
run-20251017-171201,887,2025-10-06 05:30:00,123580.27,123637.49,123294.93,123603.55,344.7512,123723.46408765165,123557.210967064,456.21857142857436,123497.79832589577,122789.71002269928,0,1,1,1
run-20251017-171201,888,2025-10-06 06:00:00,123603.56,123750.0,123456.99,123586.0,214.04118,123695.97127012133,123559.82815187637,461.03785714286016,123502.24443693801,122804.8669738104,0,1,1,1
run-20251017-171201,889,2025-10-06 06:30:00,123586.01,123903.57,123586.0,123861.88,209.32042,123729.15301609707,123587.28741079669,463.6942857142889,123528.60045101428,122825.45812999348,0,1,1,1
run-20251017-171201,890,2025-10-06 07:00:00,123861.87,124165.56,123805.06,123947.9,318.51533,123772.90241287767,123620.07037345153,481.88071428571754,123562.40096996744,122848.09179589298,0,1,1,1
run-20251017-171201,891,2025-10-06 07:30:00,123947.91,124035.89,123816.34,123841.14,207.62428,123786.54993030214,123640.16761222866,419.71214285714603,123589.97755820524,122869.36187493276,0,1,1,1
run-20251017-171201,892,2025-10-06 08:00:00,123841.13,123842.84,123280.49,123390.47,541.70583,123707.3339442417,123617.46782929878,402.9400000000023,123576.50290551742,122880.16852427447,0,1,1,1
run-20251017-171201,893,2025-10-06 08:30:00,123390.47,123770.0,123390.46,123760.0,227.12222,123717.86715539337,123630.42529936253,372.9157142857158,123585.93267825733,122896.36687581478,0,1,1,1
run-20251017-171201,894,2025-10-06 09:00:00,123760.0,123880.0,123640.0,123846.55,329.65676,123743.6037243147,123650.07299942047,353.4857142857155,123599.52389869123,122913.49587755604,0,1,1,1
run-20251017-171201,895,2025-10-06 09:30:00,123846.56,124056.73,123830.0,123907.92,293.91147,123776.46697945177,123673.51363583679,348.2685714285721,123624.51634016058,122933.5213080641,0,1,1,1
run-20251017-171201,896,2025-10-06 10:00:00,123907.93,124017.41,123779.31,123955.3,497.4858,123812.23358356142,123699.13057803344,310.3550000000011,123644.32653315093,122952.28335686361,0,1,1,1
run-20251017-171201,897,2025-10-06 10:30:00,123955.29,124106.95,123899.42,124096.5,244.3198,123869.08686684915,123735.25507093949,307.61357142857224,123673.79672668027,122973.55507277437,0,1,1,1
run-20251017-171201,898,2025-10-06 11:00:00,124096.5,124142.85,123978.0,123978.0,215.65898,123890.86949347933,123757.32279176317,301.86285714285833,123705.0771167856,122995.47709405555,0,1,1,1
run-20251017-171201,899,2025-10-06 11:30:00,123978.0,124400.0,123735.73,124365.91,402.40258,123985.87759478347,123812.64890160288,332.163571428572,123738.33640038532,123018.02391578659,0,1,1,1
run-20251017-171201,900,2025-10-06 12:00:00,124365.91,124531.66,124083.83,124215.0,557.6542,124031.70207582678,123849.22627418445,333.1707142857153,123781.59349378131,123043.40172443913,0,1,1,1
run-20251017-171201,901,2025-10-06 12:30:00,124215.0,124691.81,124178.0,124382.2,665.79836,124101.80166066143,123897.67843107677,345.4028571428571,123837.73752347902,123072.48179524059,0,1,1,1
run-20251017-171201,902,2025-10-06 13:00:00,124382.2,124587.65,124265.0,124556.64,311.31109,124192.76932852916,123957.58402825161,347.5199999999999,123885.86894804813,123100.01054214805,0,1,1,1
run-20251017-171201,903,2025-10-06 13:30:00,124556.65,124924.05,124551.38,124848.0,438.56644,124323.81546282335,124038.53093477419,351.45571428571355,123945.73345800214,123130.99650651235,0,1,1,1
run-20251017-171201,904,2025-10-06 14:00:00,124847.99,125079.85,124385.74,125031.33,967.92462,124465.31837025868,124128.78539524926,375.28499999999934,124009.34584108542,123163.52412451168,0,1,1,1
run-20251017-171201,905,2025-10-06 14:30:00,125031.34,125330.0,124532.75,124851.03,894.61998,124542.46069620695,124194.44399568114,416.54928571428485,124089.13512666132,123200.87925929525,0,1,1,1
run-20251017-171201,906,2025-10-06 15:00:00,124851.03,125060.0,124339.38,124530.0,437.29786,124539.96855696557,124224.94908698284,427.85428571428514,124130.87477090112,123229.24767672463,0,1,1,1
run-20251017-171201,907,2025-10-06 15:30:00,124529.99,125408.29,124513.35,125172.4,464.92746,124666.45484557246,124311.08098816623,464.66857142857043,124194.0673144689,123263.30788856641,0,1,1,1
run-20251017-171201,908,2025-10-06 16:00:00,125172.41,125279.24,124975.31,125000.0,387.24899,124733.16387645797,124373.70998924202,469.23499999999956,124258.95268052282,123298.45897366696,0,1,1,1
run-20251017-171201,909,2025-10-06 16:30:00,125000.0,125090.6,124800.0,124879.58,383.75253,124762.44710116638,124419.69817203819,473.7971428571431,124303.74765318543,123329.0078234743,0,1,1,1
run-20251017-171201,910,2025-10-06 17:00:00,124879.57,125499.63,124874.11,125455.24,527.73333,124901.00568093313,124513.83833821653,501.47000000000014,124375.09980595858,123366.61585845417,0,1,1,1
run-20251017-171201,911,2025-10-06 17:30:00,125455.25,125819.2,125329.15,125653.56,1011.55932,125051.51654474651,124617.44939837865,521.6500000000004,124465.46034375494,123409.82352740387,0,1,1,1
run-20251017-171201,912,2025-10-06 18:00:00,125653.57,125710.0,125126.67,125284.0,439.83384,125098.01323579722,124678.04490761695,551.5414285714287,124518.90591516941,123444.48992620781,0,1,1,1
run-20251017-171201,913,2025-10-06 18:30:00,125284.01,125369.99,125044.46,125208.74,382.25326,125120.15858863779,124726.2899160154,527.345714285714,124573.24051607911,123479.76221003826,0,1,1,1
run-20251017-171201,914,2025-10-06 19:00:00,125208.73,126199.63,125200.92,126011.18,1057.619993,125298.36287091023,124843.09810546854,566.6942857142858,124662.62512076354,123524.34939084988,0,1,1,1
run-20251017-171201,915,2025-10-06 19:30:00,126011.18,126134.71,125430.81,125669.31,515.47641,125372.55229672819,124918.20827769866,580.2721428571438,124739.23048633344,123566.61307410825,0,1,1,1
run-20251017-171201,916,2025-10-06 20:00:00,125669.31,125770.0,125252.74,125410.81,403.94367,125380.20383738255,124962.99025245332,594.1728571428581,124790.13926093295,123602.93970861516,0,1,1,1
run-20251017-171201,917,2025-10-06 20:30:00,125410.8,125534.0,125032.01,125137.46,291.53986,125331.65506990605,124978.85113859392,603.4100000000014,124825.47682641294,123635.5821207611,0,1,1,1
run-20251017-171201,918,2025-10-06 21:00:00,125137.46,125325.09,125090.0,125211.02,220.78049,125307.52805592483,124999.95739872174,570.6228571428583,124854.70775863802,123666.6696761036,0,1,1,0
run-20251017-171201,919,2025-10-06 21:30:00,125211.03,125268.5,124511.15,124789.2,684.80844,125203.86244473988,124980.79763520158,567.7728571428587,124859.76829238365,123691.53758182666,0,1,1,1
run-20251017-171201,920,2025-10-06 22:00:00,124789.19,125097.86,124627.28,125097.85,222.77458,125182.65995579191,124991.43875927416,549.9128571428591,124874.47662053563,123718.44377114225,0,1,1,0
run-20251017-171201,921,2025-10-06 22:30:00,125097.86,125298.43,125003.99,125175.55,207.85437,125181.23796463353,125008.17614479469,507.02000000000197,124897.08351630374,123747.1544922404,0,1,1,0
run-20251017-171201,922,2025-10-06 23:00:00,125175.54,125181.83,124784.41,125039.13,208.81621,125152.81637170684,125010.99013163154,513.6978571428584,124902.42249236652,123771.2776769687,0,1,1,0
run-20251017-171201,923,2025-10-06 23:30:00,125039.13,125100.0,124692.49,124846.39,188.40587,125091.53109736549,124996.0264833014,522.048571428572,124898.71868672513,123792.72461537184,0,1,1,0
run-20251017-171201,924,2025-10-07 00:00:00,124846.4,124876.0,124628.0,124658.54,175.65723,125004.9328778924,124965.34589391036,495.0828571428574,124884.51262084855,123810.98342252272,0,1,1,0
run-20251017-171201,925,2025-10-07 00:30:00,124658.54,124849.99,124621.43,124697.0,227.31112,124943.34630231393,124940.95081264578,476.40500000000094,124872.69878610433,123829.20888728801,0,1,1,1
run-20251017-171201,926,2025-10-07 01:00:00,124697.0,124925.14,124600.0,124900.93,171.9756,124934.86304185116,124937.31255695071,457.9628571428579,124874.17555764572,123850.2491023859,0,1,1,0
run-20251017-171201,927,2025-10-07 01:30:00,124900.93,125082.27,124442.87,124713.98,340.6393,124890.68643348094,124917.00959722792,480.3821428571443,124868.5943536745,123869.11366311688,0,1,1,1
run-20251017-171201,928,2025-10-07 02:00:00,124713.98,124791.66,124556.0,124699.99,129.59539,124852.54714678477,124897.28054293447,425.8785714285727,124858.64399968185,123886.354351949,0,1,1,0
run-20251017-171201,929,2025-10-07 02:30:00,124699.99,124700.0,124159.22,124560.11,372.34527,124794.05971742782,124866.62867539497,414.2271428571434,124836.29867867596,123899.85520931493,0,1,1,1
run-20251017-171201,930,2025-10-07 03:00:00,124560.12,124617.85,124259.9,124259.9,152.58294,124687.22777394226,124811.47152308634,402.8478571428589,124799.62181757054,123908.98335100817,0,1,1,0
run-20251017-171201,931,2025-10-07 03:30:00,124259.91,124568.44,124136.6,124152.07,223.22078,124580.19621915382,124751.52593007848,397.837142857144,124762.36997462012,123917.07571602867,0,1,1,1
run-20251017-171201,932,2025-10-07 04:00:00,124152.08,124329.74,124101.26,124329.74,155.93939,124530.10497532306,124713.1817546168,397.3650000000021,124726.79803501072,123924.64428629122,0,1,1,0
run-20251017-171201,933,2025-10-07 04:30:00,124329.74,124424.01,124109.1,124424.01,217.38298,124508.88598025845,124686.893413288,365.7621428571438,124694.1451295889,123932.08246779582,0,1,1,0
run-20251017-171201,934,2025-10-07 05:00:00,124424.01,124654.47,124398.96,124500.0,220.96044,124507.10878420676,124669.90310298909,350.40000000000043,124682.64606541445,123944.22474114953,0,1,1,1
run-20251017-171201,935,2025-10-07 05:30:00,124499.99,124567.04,124240.37,124473.1,189.65072,124500.30702736543,124652.01191180825,352.702142857144,124666.74960517498,123954.75380545689,0,1,1,0
run-20251017-171201,936,2025-10-07 06:00:00,124473.11,124640.76,124300.01,124414.17,234.55625,124483.07962189235,124630.38991982568,348.654285714287,124652.23729412732,123965.13454740967,0,1,1,1
run-20251017-171201,937,2025-10-07 06:30:00,124414.17,124460.0,123888.0,123891.55,369.51441,124364.77369751388,124563.22265438698,360.4035714285731,124609.4788862744,123967.79114506995,0,1,1,1
run-20251017-171201,938,2025-10-07 07:00:00,123891.55,124031.31,123800.0,123890.84,493.06402,124269.98695801111,124502.09695853361,359.2114285714301,124553.49078275464,123966.07667770391,0,1,1,1
run-20251017-171201,939,2025-10-07 07:30:00,123890.84,124038.0,123620.12,123850.0,319.79429,124185.9895664089,124442.81541684874,372.73428571428667,124498.76091095498,123963.61189757066,0,1,1,1
run-20251017-171201,940,2025-10-07 08:00:00,123850.0,123850.0,123567.6,123667.99,410.30279,124082.38965312712,124372.37674258975,369.68142857142914,124435.67088319988,123957.96492105878,0,1,1,1
run-20251017-171201,941,2025-10-07 08:30:00,123668.0,123729.57,123322.9,123641.38,648.09205,123994.1877225017,124305.92249326341,353.05785714285804,124371.17958114683,123950.80305286623,0,1,1,1
run-20251017-171201,942,2025-10-07 09:00:00,123641.38,123999.98,123434.0,123861.75,524.84079,123967.70017800137,124265.54317569401,376.6521428571432,124330.17171639121,123948.55961873606,0,1,1,1
run-20251017-171201,943,2025-10-07 09:30:00,123861.75,124192.87,123861.74,124109.06,254.75074,123995.97214240111,124251.3174324491,361.67714285714254,124313.7367132085,123951.88602662229,0,1,1,1
run-20251017-171201,944,2025-10-07 10:00:00,124109.05,124246.64,124084.57,124117.48,168.95121,124020.27371392089,124239.15039313554,347.6857142857126,124297.85235233126,123954.95756689859,0,1,1,0
run-20251017-171201,945,2025-10-07 10:30:00,124117.48,124413.75,124020.0,124279.25,238.36609,124072.06897113673,124242.7958119414,344.9649999999986,124298.47350939922,123961.91544037899,0,1,1,1
run-20251017-171201,946,2025-10-07 11:00:00,124279.25,124370.0,124225.9,124282.19,147.28699,124114.0931769094,124246.3771017649,338.9378571428554,124298.27752251731,123968.53348418229,0,1,1,0
run-20251017-171201,947,2025-10-07 11:30:00,124282.18,124395.53,124179.99,124388.67,193.87582,124169.00854152752,124259.31281978627,331.8399999999986,124297.41298406925,123974.80946875333,0,1,1,0
run-20251017-171201,948,2025-10-07 12:00:00,124388.68,124509.6,124273.49,124453.38,268.57046,124225.88283322203,124276.95529071479,330.4542857142847,124306.14670309507,123983.43374599889,0,1,1,1
run-20251017-171201,949,2025-10-07 12:30:00,124453.37,124526.06,124365.15,124438.0,207.78981,124268.30626657764,124291.59571883162,318.6142857142851,124316.3995286933,123992.46468442123,0,1,1,0
run-20251017-171201,950,2025-10-07 13:00:00,124438.0,125126.0,124340.0,124917.99,539.74282,124398.24301326211,124348.54065348329,350.4178571428565,124350.31429772882,124007.5640995957,1,1,1,1
run-20251017-171201,951,2025-10-07 13:30:00,124918.0,125046.16,124629.25,124804.14,406.11957,124479.4224106097,124389.9587758939,339.33999999999963,124382.89976503149,124022.733312742,0,1,1,1
run-20251017-171201,952,2025-10-07 14:00:00,124804.14,124804.14,123288.0,123891.68,1328.77143,124361.87392848775,124344.6607053581,431.11357142857116,124341.37996764343,124019.15826038703,0,1,1,1
run-20251017-171201,953,2025-10-07 14:30:00,123891.68,124000.0,122750.0,122887.64,1317.1141,124067.02714279022,124212.20427759827,490.5507142857137,124227.49777866663,123996.20370014572,0,1,1,1
run-20251017-171201,954,2025-10-07 15:00:00,122887.64,123035.62,122568.0,122725.36,761.8036,123798.69371423218,124077.03661599843,503.78071428571377,124115.4056234443,123971.93132817186,0,1,1,1
run-20251017-171201,955,2025-10-07 15:30:00,122725.36,122865.36,121695.95,122079.96,1395.65957,123454.94697138575,123895.4841963622,558.2621428571417,123954.03716335632,123933.19784873974,0,1,1,1
run-20251017-171201,956,2025-10-07 16:00:00,122079.97,122124.0,121172.89,121846.01,1403.01365,123133.15957710861,123709.16836032928,585.7714285714277,123785.81150681221,123890.26512977261,0,0,1,1
run-20251017-171201,957,2025-10-07 16:30:00,121846.01,121860.25,120800.02,121143.21,1122.43951,122735.1696616869,123475.89941848116,637.8499999999996,123597.24894573477,123839.69615811801,0,0,1,1
run-20251017-171201,958,2025-10-07 17:00:00,121143.21,122084.14,121140.8,121684.17,929.17068,122524.96972934953,123313.01492589197,693.6549999999999,123453.13044164138,123797.79394365565,0,0,1,1
run-20251017-171201,959,2025-10-07 17:30:00,121684.17,121822.58,121222.84,121295.55,772.7392,122279.08578347963,123129.60902353814,708.3685714285717,123294.086147782,123750.0393020645,0,0,1,1
run-20251017-171201,960,2025-10-07 18:00:00,121295.55,121589.37,121100.0,121130.02,468.39329,122049.27262678371,122947.8282032165,733.0307142857138,123138.09352588412,123700.88081535252,0,0,1,1
run-20251017-171201,961,2025-10-07 18:30:00,121130.02,121306.13,120574.94,120747.51,732.06505,121788.92010142698,122747.79927565137,769.8628571428573,122970.69732243282,123646.6939271002,0,0,1,1
run-20251017-171201,962,2025-10-07 19:00:00,120747.51,120984.21,120600.0,120895.37,367.5399,121610.21008114159,122579.39661422852,780.4414285714291,122807.18984665946,123591.18652328149,0,0,1,1
run-20251017-171201,963,2025-10-07 19:30:00,120895.37,121590.0,120860.46,121270.0,591.03114,121542.16806491328,122460.36055838956,821.057857142857,122695.6679514915,123546.96960541747,0,0,1,1
run-20251017-171201,964,2025-10-07 20:00:00,121270.0,122027.3,121263.37,121637.17,743.51723,121561.16845193063,122385.52505308141,819.481428571429,122604.68620204963,123506.64529106056,0,0,1,1
run-20251017-171201,965,2025-10-07 20:30:00,121637.18,122196.48,121637.18,122196.47,323.82091,121688.22876154451,122368.338230074,829.6528571428571,122567.51235337224,123479.1894069773,0,0,1,1
run-20251017-171201,966,2025-10-07 21:00:00,122196.47,122196.48,121907.86,121943.61,169.80723,121739.30500923563,122329.72657279455,741.9728571428568,122524.37840847627,123450.04813706859,0,0,1,0
run-20251017-171201,967,2025-10-07 21:30:00,121943.61,122292.62,121765.9,122248.21,220.81447,121841.08600738851,122322.31597526776,690.3099999999997,122493.49959198445,123423.72862444131,0,0,1,0
run-20251017-171201,968,2025-10-07 22:00:00,122248.21,122248.21,121787.47,122016.0,177.0967,121876.0688059108,122294.46906842523,689.8185714285719,122456.87867756812,123395.8785222272,0,0,1,0
run-20251017-171201,969,2025-10-07 22:30:00,122016.0,122173.5,121797.6,121916.73,233.59811,121884.20104472866,122260.12915311384,633.1392857142855,122419.63927137296,123367.71202194797,0,0,1,1
run-20251017-171201,970,2025-10-07 23:00:00,121916.73,122047.37,121823.58,122011.17,170.71308,121909.59483578293,122237.49650283076,581.1878571428564,122385.20473301288,123340.05931539225,0,0,1,0
run-20251017-171201,971,2025-10-07 23:30:00,122011.17,122022.88,121587.92,121662.19,192.6644,121860.11386862636,122185.19591166433,536.5257142857143,122334.85510340791,123308.20649263257,0,0,1,0
run-20251017-171201,972,2025-10-08 00:00:00,121662.2,121662.2,121258.08,121332.95,384.99856,121754.68109490108,122107.71901060393,498.00999999999993,122262.82098549881,123270.40230674346,0,0,1,1
run-20251017-171201,973,2025-10-08 00:30:00,121332.96,121802.38,121332.96,121587.8,261.75006,121721.30487592088,122060.45364600357,488.702142857143,122209.5436548184,123236.7253931672,0,0,1,1
run-20251017-171201,974,2025-10-08 01:00:00,121587.8,122089.68,121276.0,121914.09,389.98885,121759.86190073671,122047.14786000324,511.8671428571428,122185.91489243328,123210.29723558364,0,0,1,1
run-20251017-171201,975,2025-10-08 01:30:00,121914.09,122056.0,121605.75,121833.45,332.19827,121774.57952058938,122027.72078182113,491.7999999999998,122154.01775345343,123181.77993976258,0,0,1,1
run-20251017-171201,976,2025-10-08 02:00:00,121833.45,121959.74,121750.0,121950.01,187.36551,121809.66561647152,122020.65616529193,479.3378571428569,122132.4392026304,123155.84862093853,0,0,1,0
run-20251017-171201,977,2025-10-08 02:30:00,121950.0,122229.66,121825.74,122186.01,258.94544,121884.93449317724,122035.68833208358,456.07928571428573,122127.2505211517,123134.21072047195,0,0,1,1
run-20251017-171201,978,2025-10-08 03:00:00,122186.02,122186.02,121860.14,122048.28,275.16722,121917.6035945418,122036.83302916688,424.78999999999985,122115.9975014553,123111.35312842281,0,0,1,1
run-20251017-171201,979,2025-10-08 03:30:00,122048.28,122048.28,121395.37,121453.24,384.76539,121824.73087563344,121983.77911742445,431.47571428571456,122075.21969280824,123081.18270980104,0,0,1,1
run-20251017-171201,980,2025-10-08 04:00:00,121452.76,121509.48,121200.0,121374.75,316.58752,121734.73470050676,121928.41283402222,432.96571428571457,122018.91886291142,123046.75503009408,0,0,1,1
run-20251017-171201,981,2025-10-08 04:30:00,121374.76,121597.87,121066.14,121471.37,359.49016,121682.06176040541,121886.86348547475,433.32357142857137,121973.53945015391,123014.7033951327,0,0,1,1
run-20251017-171201,982,2025-10-08 05:00:00,121471.37,121910.24,121471.37,121900.0,352.97164,121725.64940832433,121888.05771406795,431.76142857142884,121956.61568620513,122989.68419916958,0,0,1,1
run-20251017-171201,983,2025-10-08 05:30:00,121900.01,121900.01,121272.48,121390.2,389.71781,121658.55952665946,121842.79792187996,449.7350000000006,121926.96925896904,122961.64822037364,0,0,1,1
run-20251017-171201,984,2025-10-08 06:00:00,121390.2,121524.09,121173.86,121374.01,319.1349,121601.64962132757,121800.18083807269,458.76642857142934,121881.3889622394,122929.41020457457,0,0,1,1
run-20251017-171201,985,2025-10-08 06:30:00,121374.02,121500.0,121068.96,121411.42,252.09206,121563.60369706206,121764.83894370245,458.4864285714284,121841.28392861853,122898.31440091477,0,0,1,1
run-20251017-171201,986,2025-10-08 07:00:00,121411.43,121841.54,121391.57,121784.29,300.10512,121607.74095764966,121766.60722154767,461.76142857142776,121829.04639469938,122874.20127102364,0,0,1,1
run-20251017-171201,987,2025-10-08 07:30:00,121784.3,121872.37,121493.58,121553.73,388.39334,121596.93876611973,121747.25474686152,455.2871428571411,121812.11473036263,122849.16213840764,0,0,1,1
run-20251017-171201,988,2025-10-08 08:00:00,121553.74,121597.06,121311.91,121597.06,308.95441,121596.96301289578,121733.60067896501,417.5349999999983,121791.21721168808,122823.22836917605,0,0,1,1
run-20251017-171201,989,2025-10-08 08:30:00,121597.05,122000.0,121524.01,121916.41,581.47105,121660.85241031664,121750.21970815,419.3735714285701,121787.52913697159,122801.79078259798,0,0,1,1
run-20251017-171201,990,2025-10-08 09:00:00,121916.42,122850.0,121916.42,122381.85,880.88199,121805.05192825332,121807.64064377273,471.0771428571409,121849.78380540901,122797.8038662821,0,0,1,1
run-20251017-171201,991,2025-10-08 09:30:00,122381.84,122644.0,122381.84,122531.86,262.1392,121950.41354260266,121873.4787670661,460.951428571427,121903.3579764656,122792.83243208431,1,0,1,1
run-20251017-171201,992,2025-10-08 10:00:00,122531.86,122584.0,122381.99,122516.98,212.01762,122063.72683408213,121931.978879151,452.1035714285691,121948.53480257362,122786.84546577984,0,0,1,0
run-20251017-171201,993,2025-10-08 10:30:00,122516.99,122808.24,122498.05,122608.0,204.90541,122172.58146726571,121993.43534468272,427.62357142856905,121997.45407188745,122782.83622361693,0,0,1,0
run-20251017-171201,994,2025-10-08 11:00:00,122608.0,123100.0,122577.9,122934.6,449.39307,122324.98517381257,122078.99576789337,442.8107142857126,122069.11210557545,122785.73616126964,0,0,1,1
run-20251017-171201,995,2025-10-08 11:30:00,122934.61,123200.0,122820.46,123020.69,513.94062,122464.12613905007,122164.60433444852,431.9399999999982,122135.86690714597,122788.75013941337,0,0,1,1
run-20251017-171201,996,2025-10-08 12:00:00,123020.69,123100.01,122743.36,122884.14,303.99148,122548.12891124006,122230.01666768048,426.0671428571399,122193.48408460495,122790.68668921337,0,0,1,1
run-20251017-171201,997,2025-10-08 12:30:00,122884.14,123090.75,122650.0,122756.76,298.41412,122589.85512899204,122277.90242516408,412.72571428571143,122250.88888394329,122793.6456345026,0,0,1,1
run-20251017-171201,998,2025-10-08 13:00:00,122756.76,122756.77,122542.27,122631.52,165.84678,122598.18810319365,122310.0494774219,403.0307142857117,122284.482541464,122791.54411157987,0,0,1,0
run-20251017-171201,999,2025-10-08 13:30:00,122631.52,122774.96,122396.8,122497.16,197.27938,122577.98248255493,122327.05952492899,399.25357142856956,122310.63625607654,122788.24555537425,0,0,1,0
run-20251017-171201,1000,2025-10-08 14:00:00,122497.17,122694.8,121649.68,122599.04,689.61915,122582.19398604396,122351.78502266272,441.7642857142855,122308.03907375617,122778.1826989029,0,0,1,1
run-20251017-171201,1001,2025-10-08 14:30:00,122599.04,123350.0,122419.53,122590.73,938.48391,122583.90118883518,122373.50729332973,481.17000000000036,122356.78633452079,122781.42725425743,0,0,1,1
run-20251017-171201,1002,2025-10-08 15:00:00,122590.72,122856.03,122112.16,122320.0,524.26068,122531.12095106815,122368.64299393611,513.9357142857147,122360.49480553035,122773.99949743444,0,0,1,1
run-20251017-171201,1003,2025-10-08 15:30:00,122319.99,122622.55,122203.12,122448.01,268.62353,122514.49876085452,122375.85817630554,509.89571428571486,122368.77648138345,122767.95029078246,0,0,1,1
run-20251017-171201,1004,2025-10-08 16:00:00,122448.01,122450.01,121954.34,122189.72,290.84075,122449.54300868363,122358.93652391413,478.615714285715,122359.69083883187,122757.73688783142,0,0,1,1
run-20251017-171201,1005,2025-10-08 16:30:00,122189.72,122926.48,122110.08,122672.51,316.97861,122494.1364069469,122387.4432035583,518.2042857142858,122369.54782162065,122752.30681604447,0,0,1,1
run-20251017-171201,1006,2025-10-08 17:00:00,122672.51,123129.23,122562.18,123051.03,324.96907,122605.51512555753,122447.76927596208,544.278571428572,122397.51516328765,122751.92588901703,0,0,1,1
run-20251017-171201,1007,2025-10-08 17:30:00,123051.02,123982.37,122958.05,123792.35,894.91192,122842.88210044603,122570.00388723826,595.2878571428571,122483.53930298102,122766.97774686181,0,0,1,1
run-20251017-171201,1008,2025-10-08 18:00:00,123792.36,124164.36,123650.0,124033.19,441.55235,123080.94368035684,122703.02080658024,594.7349999999996,122585.95394327468,122787.72706352505,0,0,1,1
run-20251017-171201,1009,2025-10-08 18:30:00,124033.19,124197.25,123565.38,123615.28,497.57365,123187.81094428548,122785.9534605275,612.7585714285711,122688.31942245389,122810.1167506412,0,0,1,1
run-20251017-171201,1010,2025-10-08 19:00:00,123615.27,123826.34,123415.58,123460.22,654.78473,123242.29275542838,122847.25041866137,616.6235714285712,122749.92594129636,122823.57867087802,0,0,1,1
run-20251017-171201,1011,2025-10-08 19:30:00,123460.21,123657.48,123160.82,123638.22,318.18914,123321.47820434271,122919.1567442376,620.6171428571417,122798.31118994718,122834.6155086617,0,0,1,1
run-20251017-171201,1012,2025-10-08 20:00:00,123638.23,123759.94,123400.0,123450.0,346.57074,123347.18256347417,122967.41522203418,631.0057142857133,122847.7440011777,122846.62381472024,0,1,1,1
run-20251017-171201,1013,2025-10-08 20:30:00,123450.01,123737.0,123313.82,123563.37,208.43803,123390.42005077934,123021.59292912197,634.2214285714269,122900.231505893,122860.15248352113,0,1,1,0
run-20251017-171201,1014,2025-10-08 21:00:00,123563.38,123565.38,122814.0,122856.69,465.1675,123283.67404062349,123006.60175374724,613.239999999998,122915.9156423103,122865.06007870895,0,1,1,1
run-20251017-171201,1015,2025-10-08 21:30:00,122856.7,123317.62,122794.4,123279.46,178.46206,123282.83123249881,123031.40704886112,584.1507142857123,122936.852348015,122871.43102093892,0,1,1,0
run-20251017-171201,1016,2025-10-08 22:00:00,123279.46,123332.01,123181.75,123277.33,83.47523,123281.73098599905,123053.76368078282,541.749999999998,122965.09309018994,122880.00709141364,0,1,1,0
run-20251017-171201,1017,2025-10-08 22:30:00,123277.34,123416.73,123277.34,123290.96,81.90754,123283.57678879926,123075.32698252983,521.7478571428541,122992.5520990181,122888.77258798227,0,1,1,0
run-20251017-171201,1018,2025-10-08 23:00:00,123290.97,123355.06,123200.81,123200.82,50.34565,123267.02543103941,123086.73543866348,497.36071428571137,123012.84750086215,122896.07088974744,0,1,1,0
run-20251017-171201,1019,2025-10-08 23:30:00,123200.82,123478.25,123056.31,123478.25,137.55894,123309.27034483154,123122.32767151225,469.1849999999977,123035.88940775473,122904.26672124177,0,1,1,0
run-20251017-171201,1020,2025-10-09 00:00:00,123478.26,123537.11,123304.47,123306.0,151.9964,123308.61627586524,123139.02515592023,445.29857142856883,123058.31698116843,122912.6550933862,0,1,1,0
run-20251017-171201,1021,2025-10-09 00:30:00,123306.01,123348.32,123030.02,123062.25,133.67502,123259.34302069219,123132.04559629112,394.8685714285696,123060.7410425934,122916.17201884082,0,1,1,0
run-20251017-171201,1022,2025-10-09 01:00:00,123062.25,123112.31,122839.15,122839.15,249.51408,123175.30441655376,123105.418723901,377.6399999999984,123048.40356911448,122915.87610599035,0,1,1,0
run-20251017-171201,1023,2025-10-09 01:30:00,122839.16,122857.32,122515.44,122525.48,310.54249,123045.33953324302,123052.69702172818,356.9264285714276,123011.97134542248,122909.13326831821,0,1,1,1
run-20251017-171201,1024,2025-10-09 02:00:00,122525.48,122562.4,122339.41,122548.23,339.0211,122945.91762659443,123006.83638338925,343.5142857142845,122968.44514431349,122899.92980814015,0,1,1,1
run-20251017-171201,1025,2025-10-09 02:30:00,122548.23,122548.23,121954.74,121994.82,340.67727,122755.69810127556,122914.83489399024,350.4307142857132,122903.83522164426,122884.6886946402,0,1,1,1
run-20251017-171201,1026,2025-10-09 03:00:00,121994.82,122116.37,121475.98,121617.81,491.17841,122528.12048102045,122796.92353999113,370.4628571428558,122807.27069864202,122860.20983927246,0,0,1,1
run-20251017-171201,1027,2025-10-09 03:30:00,121617.81,122120.28,121603.59,121969.04,306.84792,122416.30438481637,122721.66139999192,377.1421428571422,122737.14606975758,122841.08083525232,0,0,1,1
run-20251017-171201,1028,2025-10-09 04:00:00,121969.05,122073.63,121897.74,122038.01,147.7221,122340.6455078531,122659.51127271993,336.03571428571325,122678.10235812687,122823.79710098333,0,0,1,0
run-20251017-171201,1029,2025-10-09 04:30:00,122038.01,122264.0,121904.81,122236.27,201.07538,122319.77040628249,122621.03479338175,324.3192857142848,122632.03826292294,122809.00212262177,0,0,1,0
run-20251017-171201,1030,2025-10-09 05:00:00,122236.26,122236.27,122011.04,122144.7,127.39788,122284.756325026,122577.73163034706,329.6742857142859,122590.20541686968,122794.70806361093,0,0,1,0
run-20251017-171201,1031,2025-10-09 05:30:00,122144.7,122196.99,121878.99,122010.24,194.23162,122229.8530600208,122526.14148213368,342.43142857142914,122542.0587104591,122778.24594755222,0,0,1,0
run-20251017-171201,1032,2025-10-09 06:00:00,122010.25,122136.99,121823.94,122100.92,200.51613,122204.06644801665,122487.48498375788,353.7742857142865,122502.613311731,122763.38939702026,0,0,1,0
run-20251017-171201,1033,2025-10-09 06:30:00,122100.92,122144.4,121883.43,122096.4,156.54936,122182.53315841332,122451.93180341626,342.2764285714293,122465.69482563096,122748.69605186504,0,0,1,0
run-20251017-171201,1034,2025-10-09 07:00:00,122096.41,122185.98,121894.0,121957.32,179.85502,122137.49052673067,122406.96709401478,346.51500000000044,122432.4396448827,122734.5513870921,0,0,1,0
run-20251017-171201,1035,2025-10-09 07:30:00,121957.32,122067.61,121808.85,121876.39,183.29601,122085.27042138456,122358.7328127407,342.26214285714275,122393.53785750226,122718.56639341192,0,0,1,0
run-20251017-171201,1036,2025-10-09 08:00:00,121876.39,121992.38,121724.71,121906.1,208.2265,122049.43633710765,122317.58437521881,341.8699999999995,122349.68912566818,122700.81338990387,0,0,1,0
run-20251017-171201,1037,2025-10-09 08:30:00,121906.09,121960.97,121179.95,121180.0,461.65912,121875.54906968612,122214.16761383528,373.2371428571423,122280.62905449033,122676.15867512149,0,0,1,1
run-20251017-171201,1038,2025-10-09 09:00:00,121180.0,121612.0,121145.49,121261.62,489.583,121752.7632557489,122127.57237621388,390.63142857142833,122204.85480962374,122648.82351163305,0,0,1,1
run-20251017-171201,1039,2025-10-09 09:30:00,121261.62,121758.0,121261.62,121699.86,277.44703,121742.18260459913,122088.68943292172,383.69500000000073,122162.06819604253,122628.99833826341,0,0,1,1
run-20251017-171201,1040,2025-10-09 10:00:00,121699.87,121855.44,121604.85,121813.04,218.1091,121756.35408367933,122063.6303935652,355.8521428571434,122129.91950738106,122611.45261487512,0,0,1,0
run-20251017-171201,1041,2025-10-09 10:30:00,121813.04,121900.0,121650.22,121736.35,134.31233,121752.35326694346,122033.8776305138,336.7871428571431,122104.57879939329,122595.41124530752,0,0,1,0
run-20251017-171201,1042,2025-10-09 11:00:00,121736.35,122340.0,121736.34,122170.27,328.31134,121835.93661355478,122046.27693683072,367.3421428571434,122111.89672331538,122587.58546584054,0,0,1,1
run-20251017-171201,1043,2025-10-09 11:30:00,122170.26,122767.64,122170.26,122680.97,500.70272,122004.94329084383,122103.97630620975,384.355714285715,122139.29656004623,122585.1576038403,0,0,1,1
run-20251017-171201,1044,2025-10-09 12:00:00,122680.96,122833.02,122596.72,122737.57,279.31642,122151.46863267507,122161.57573291795,385.14642857142877,122188.59821632873,122589.03797405215,0,0,1,1
run-20251017-171201,1045,2025-10-09 12:30:00,122737.56,123136.41,122709.1,123012.31,469.57803,122323.63690614006,122238.91521174359,392.95428571428573,122251.67707704932,122597.35161432734,1,0,1,1
run-20251017-171201,1046,2025-10-09 13:00:00,123012.31,123762.94,122933.22,123563.38,1013.73482,122571.58552491207,122359.32110158508,429.85928571428565,122351.98878969451,122616.33668619534,0,0,1,1
run-20251017-171201,1047,2025-10-09 13:30:00,123563.38,123658.38,123183.42,123461.86,415.16979,122749.64041992967,122459.55191053188,445.144285714286,122428.73335027165,122630.83145144978,0,0,1,1
run-20251017-171201,1048,2025-10-09 14:00:00,123461.85,123461.86,122277.76,122415.74,817.96274,122682.86033594374,122455.56900957444,508.86714285714385,122440.55449980861,122629.92430357821,0,0,1,1
run-20251017-171201,1049,2025-10-09 14:30:00,122415.74,122608.0,121536.18,121690.27,1236.82727,122484.342268755,122385.99637234039,566.942857142859,122411.43057056537,122618.78715640705,0,0,1,1
run-20251017-171201,1050,2025-10-09 15:00:00,121690.27,121822.56,120736.96,121315.0,1376.61492,122250.473815004,122288.63306576399,625.36642857143,122325.44326025662,122592.53125667374,0,0,1,1
run-20251017-171201,1051,2025-10-09 15:30:00,121315.01,121734.27,121020.83,121045.29,536.8567,122009.43705200321,122175.60187796727,620.539285714287,122238.34730791087,122564.85840388945,0,0,1,1
run-20251017-171201,1052,2025-10-09 16:00:00,121045.29,121280.0,120673.99,121147.14,699.31773,121836.97764160257,122082.1053436066,630.5035714285726,122140.98430076663,122533.26719468395,0,0,1,1
run-20251017-171201,1053,2025-10-09 16:30:00,121147.15,121481.9,121056.68,121250.0,537.38435,121719.58211328206,122006.45940327873,625.4207142857152,122072.32532339127,122507.81787670305,0,0,1,1
run-20251017-171201,1054,2025-10-09 17:00:00,121250.0,121308.98,119707.29,119819.77,2294.04423,121339.61969062565,121807.6694575261,721.9278571428586,121936.65309552575,122464.40432997495,0,0,1,1
run-20251017-171201,1055,2025-10-09 17:30:00,119819.76,120520.85,119651.47,120259.08,1033.72809,121123.51175250053,121666.88859775099,766.1850000000019,121807.74452993361,122420.75808300138,0,0,1,1
run-20251017-171201,1056,2025-10-09 18:00:00,120259.08,121046.15,120246.67,120974.0,637.66988,121093.60940200044,121603.89872522818,780.1721428571442,121724.33905281454,122387.06500098854,0,0,1,1
run-20251017-171201,1057,2025-10-09 18:30:00,120971.22,121100.0,120557.95,120696.9,561.97223,121014.26752160036,121521.44429566198,776.2200000000012,121647.81109796528,122354.24444207191,0,0,1,1
run-20251017-171201,1058,2025-10-09 19:00:00,120696.9,120717.96,120396.0,120649.32,394.33781,120941.27801728029,121442.1602687836,782.3385714285729,121569.01069827554,122319.95548452984,0,0,1,1
run-20251017-171201,1059,2025-10-09 19:30:00,120649.33,121107.88,120649.32,121099.99,357.50992,120973.02041382424,121411.05388071235,784.5707142857157,121526.90215554001,122294.21811249391,0,0,1,1
run-20251017-171201,1060,2025-10-09 20:00:00,121100.0,121108.12,120810.34,120951.72,357.41318,120968.7603310594,121369.29625519305,746.5750000000013,121478.69108629433,122266.59317623008,0,0,1,1
run-20251017-171201,1061,2025-10-09 20:30:00,120951.72,121146.0,120838.0,120870.23,348.5835,120949.05426484752,121323.92659563005,734.6492857142865,121431.29287127746,122238.78321902646,0,0,1,1
run-20251017-171201,1062,2025-10-09 21:00:00,120870.23,121199.97,120870.23,121109.09,395.08746,120981.06141187802,121304.3959960273,673.6235714285722,121402.40729101778,122215.3389380626,0,0,1,1
run-20251017-171201,1063,2025-10-09 21:30:00,121109.08,121490.0,121065.77,121333.76,207.80718,121051.60112950244,121307.06545093391,627.3671428571428,121398.52246279649,122198.24675889748,0,0,1,0
run-20251017-171201,1064,2025-10-09 22:00:00,121333.76,121512.7,121251.69,121461.02,228.41588,121133.48490360196,121321.06131903082,568.4678571428574,121402.7177367068,122183.48898044848,0,0,1,0
run-20251017-171201,1065,2025-10-09 22:30:00,121461.03,121599.0,121411.55,121544.05,215.01828,121215.59792288157,121341.33301730074,530.8971428571427,121411.06462354213,122170.16808778844,0,0,1,0
run-20251017-171201,1066,2025-10-09 23:00:00,121544.04,121768.01,121478.25,121686.19,252.96539,121309.71633830525,121372.68365209158,508.30785714285696,121431.75164210868,122160.46214956338,0,0,1,0
run-20251017-171201,1067,2025-10-09 23:30:00,121686.19,121686.19,121341.22,121506.9,288.99993,121349.15307064421,121384.88513826508,502.5757142857141,121435.76787108918,122147.05990259796,0,0,1,1
run-20251017-171201,1068,2025-10-10 00:00:00,121506.9,121900.0,121426.07,121662.4,422.59341,121411.80245651538,121410.11376205916,422.02142857142775,121448.04121433492,122136.11556007976,1,0,1,1
run-20251017-171201,1069,2025-10-10 00:30:00,121662.41,121863.74,121595.75,121863.74,174.5052,121502.18996521231,121451.35251096287,379.0649999999992,121471.83870650448,122128.58676306822,0,0,1,0
run-20251017-171201,1070,2025-10-10 01:00:00,121863.74,121863.74,121611.59,121745.27,118.39839,121550.80597216985,121478.07228269351,339.97000000000014,121491.2361146933,122120.57094636928,0,0,1,0
run-20251017-171201,1071,2025-10-10 01:30:00,121745.26,121874.13,121639.89,121811.7,179.54627,121602.98477773588,121508.40207517591,317.98357142857174,121515.436498031,122114.33948335859,0,0,1,0
run-20251017-171201,1072,2025-10-10 02:00:00,121811.71,121811.95,121489.06,121623.97,173.73731,121607.18182218872,121518.90825015992,318.0499999999998,121521.57786688676,122104.05313929073,0,0,1,0
run-20251017-171201,1073,2025-10-10 02:30:00,121623.96,121651.33,121227.23,121349.64,325.99422,121555.67345775098,121503.5202274181,315.5885714285718,121505.45049534607,122088.354710256,0,0,1,1
run-20251017-171201,1074,2025-10-10 03:00:00,121349.65,121367.04,120900.0,121059.73,486.25696,121456.48476620078,121463.17566128919,327.67857142857144,121477.25190285503,122069.57462540157,0,0,1,1
run-20251017-171201,1075,2025-10-10 03:30:00,121059.73,121454.0,120909.15,121438.91,348.51956,121452.96981296064,121460.96969208108,344.596428571429,121461.23397876008,122053.66932750495,0,0,1,1
run-20251017-171201,1076,2025-10-10 04:00:00,121438.91,121575.99,121026.0,121026.01,287.72354,121367.57785036853,121421.42790189189,360.3285714285718,121445.71025874777,122038.01130265399,0,0,1,1
run-20251017-171201,1077,2025-10-10 04:30:00,121026.0,121388.58,121018.33,121288.07,238.88065,121351.67628029484,121409.30445626535,356.47285714285783,121436.69377595287,122023.97318819835,0,0,1,0
run-20251017-171201,1078,2025-10-10 05:00:00,121288.07,121357.98,121066.65,121234.51,241.29313,121328.24302423588,121393.41405115032,358.6385714285726,121418.06435834788,122007.53461215917,0,0,1,0
run-20251017-171201,1079,2025-10-10 05:30:00,121234.52,121500.0,120986.08,121370.87,265.1409,121336.76841938871,121391.36459195483,381.9578571428584,121404.39239692167,121992.30185579852,0,0,1,0
run-20251017-171201,1080,2025-10-10 06:00:00,121370.88,121604.49,121204.43,121583.89,238.15482,121386.19273551098,121408.8669017771,389.8364285714311,121412.68609958055,121982.77444101576,0,0,1,0
run-20251017-171201,1081,2025-10-10 06:30:00,121583.89,121754.34,121512.18,121526.88,233.61754,121414.3301884088,121419.59536525191,382.49285714285986,121423.29574974735,121974.2252310256,0,0,1,0
run-20251017-171201,1082,2025-10-10 07:00:00,121526.88,121747.58,121265.26,121378.18,454.24823,121407.10015072704,121415.83033204719,383.09214285714654,121430.52676476102,121965.22030132533,0,0,1,1
run-20251017-171201,1083,2025-10-10 07:30:00,121378.19,121388.61,121204.25,121313.56,223.1962,121388.39212058164,121406.5330291338,377.1185714285748,121420.2720808117,121951.98683381068,0,0,1,0
run-20251017-171201,1084,2025-10-10 08:00:00,121313.56,121345.43,120855.41,120932.05,672.01832,121297.12369646532,121363.39820830345,394.1092857142877,121389.78953711223,121933.63609627823,0,0,1,1
run-20251017-171201,1085,2025-10-10 08:30:00,120932.05,121316.03,120916.44,121279.89,224.22834,121293.67695717227,121355.80655300313,405.9200000000014,121376.79842314744,121919.50377635987,0,0,1,0
run-20251017-171201,1086,2025-10-10 09:00:00,121279.89,121660.43,121218.66,121631.54,208.88466,121361.24956573783,121380.87323000285,414.4114285714292,121383.09140099079,121910.32555549683,0,0,1,0
run-20251017-171201,1087,2025-10-10 09:30:00,121631.54,121777.07,121480.67,121754.33,221.20903,121439.86565259026,121414.82384545713,405.2900000000009,121402.64994762742,121904.88679446623,1,0,1,0
run-20251017-171201,1088,2025-10-10 10:00:00,121754.33,121764.38,121276.56,121314.73,252.14115,121414.83852207221,121405.72440496102,406.77428571428754,121410.18895972834,121896.93955366594,0,0,1,0
run-20251017-171201,1089,2025-10-10 10:30:00,121314.73,121480.02,121312.31,121334.0,97.02023,121398.67081765778,121399.20400451,379.83571428571616,121404.534737527,121885.84590541634,0,0,1,0
run-20251017-171201,1090,2025-10-10 11:00:00,121334.0,121543.59,121228.83,121496.33,192.68601,121418.20265412623,121408.03364046363,363.03357142857254,121404.91216639844,121876.38608797787,1,0,1,0
run-20251017-171201,1091,2025-10-10 11:30:00,121496.34,121661.62,121424.5,121449.81,176.7155,121424.52412330099,121411.83149133057,353.5242857142865,121411.53661342664,121868.76862181659,0,0,1,0
run-20251017-171201,1092,2025-10-10 12:00:00,121449.82,121637.98,121449.81,121554.55,180.95202,121450.5292986408,121424.8059012096,346.15571428571485,121421.62989959147,121862.31039213284,0,0,1,0
run-20251017-171201,1093,2025-10-10 12:30:00,121554.55,121682.42,121452.73,121544.4,144.26557,121469.30343891266,121435.67809200872,325.85357142857225,121428.55889616268,121855.35870742936,0,0,1,0
run-20251017-171201,1094,2025-10-10 13:00:00,121544.4,121612.09,121420.0,121597.21,144.06228,121494.88475113013,121450.36281091702,310.99857142857115,121436.95034590027,121849.05034808321,0,0,1,0
run-20251017-171201,1095,2025-10-10 13:30:00,121597.22,122060.99,121597.21,121975.32,479.12199,121590.97180090411,121498.08619174274,326.8285714285708,121472.24253768033,121849.95447871201,0,0,1,1
run-20251017-171201,1096,2025-10-10 14:00:00,121975.31,122550.0,121384.6,121684.2,973.64808,121609.61744072329,121515.00562885703,375.61999999999847,121510.19865166108,121852.33498357651,0,0,1,1
run-20251017-171201,1097,2025-10-10 14:30:00,121684.18,122069.76,121148.5,121215.01,625.37862,121530.69595257865,121487.73329896093,428.2557142857123,121504.95292681211,121844.27809422079,0,0,1,1
run-20251017-171201,1098,2025-10-10 15:00:00,121215.01,121453.68,120479.2,120493.17,710.42626,121323.19076206294,121397.31845360083,462.8599999999985,121459.3875191372,121825.95207468225,0,0,1,1
run-20251017-171201,1099,2025-10-10 15:30:00,120493.16,120626.55,119250.0,119252.86,2359.14104,120909.12460965036,121202.36768509167,532.6428571428561,121333.85681409015,121786.54105713949,0,0,1,1
run-20251017-171201,1100,2025-10-10 16:00:00,119252.86,119600.0,118500.0,119018.98,2331.54869,120531.0956877203,121003.87789553788,579.6592857142854,121176.64505599017,121737.1742527111,0,0,1,1
run-20251017-171201,1101,2025-10-10 16:30:00,119018.99,119248.84,118576.0,119068.86,927.97105,120238.64855017624,120827.9671777617,606.547857142856,121009.81250266529,121683.09373831374,0,0,1,1
run-20251017-171201,1102,2025-10-10 17:00:00,119068.87,119456.28,118205.6,118205.61,1146.47181,119832.040840141,120589.57107069244,661.0378571428549,120819.6984463281,121620.90445709172,0,0,1,1
run-20251017-171201,1103,2025-10-10 17:30:00,118205.61,118427.51,117659.92,118150.75,1435.43251,119495.78267211281,120367.86006426586,703.8864285714257,120605.27084568773,121549.78406240662,0,0,1,1
run-20251017-171201,1104,2025-10-10 18:00:00,118150.74,118190.3,117579.79,117623.8,762.50268,119121.38613769025,120118.4000584235,725.0114285714268,120384.3912650889,121474.23375746552,0,0,1,1
run-20251017-171201,1105,2025-10-10 18:30:00,117623.8,117851.5,117515.0,117612.26,775.23786,118819.56091015221,119890.56914402136,732.1099999999985,120172.77453574719,121398.16413379353,0,0,1,1
run-20251017-171201,1106,2025-10-10 19:00:00,117612.26,117699.4,117237.0,117237.7,673.51534,118503.18872812178,119649.3992218376,751.6978571428554,119955.56124580123,121317.99658430132,0,0,1,1
run-20251017-171201,1107,2025-10-10 19:30:00,117237.7,117341.92,115952.47,116040.38,1744.53132,118010.62698249743,119321.3065653069,834.5378571428549,119684.16244181806,121221.24503588815,0,0,1,1
run-20251017-171201,1108,2025-10-10 20:00:00,116040.38,117104.42,116000.0,116661.5,988.8817,117740.80158599795,119079.50596846083,899.7042857142836,119461.62825944067,121133.54084666734,0,0,1,1
run-20251017-171201,1109,2025-10-10 20:30:00,116661.5,117165.32,116573.38,117065.91,447.47826,117605.82326879837,118896.45178950984,908.8585714285697,119266.64100381278,121050.17922499131,0,0,1,1
run-20251017-171201,1110,2025-10-10 21:00:00,117065.91,117214.64,113039.0,114266.82,4007.0821,116938.0226150387,118475.57617228167,1123.8757142857128,118986.47153792945,120943.12477188389,0,0,1,1
run-20251017-171201,1111,2025-10-10 21:30:00,114266.82,115112.69,102000.0,108432.09,14691.74772,115236.83609203098,117562.5319748015,1994.692142857142,118317.2274596573,120732.59843942907,0,0,1,1
run-20251017-171201,1112,2025-10-10 22:00:00,108432.09,113973.0,107796.51,113451.86,8240.88262,114879.8408736248,117188.83452254681,2366.2642857142855,117843.53700524305,120562.39401054013,0,0,1,1
run-20251017-171201,1113,2025-10-10 22:30:00,113451.87,113799.0,110879.69,112360.83,5232.27343,114376.03869889984,116749.92502049709,2476.461428571428,117471.96561691219,120413.06726148858,0,0,1,1
run-20251017-171201,1114,2025-10-10 23:00:00,112360.83,114109.03,112054.45,113700.0,4137.90105,114240.83095911988,116472.6591095428,2544.645714285714,117162.04489281285,120274.94042083636,0,0,1,1
run-20251017-171201,1115,2025-10-10 23:30:00,113700.0,113851.84,112770.0,113771.8,2338.55074,114147.02476729591,116227.12646322073,2573.8599999999997,116874.19854196219,120139.06767717484,0,0,1,1
run-20251017-171201,1116,2025-10-11 00:00:00,113771.79,114807.41,112652.76,112774.5,2638.81837,113872.51981383673,115913.25133020067,2638.4292857142864,116628.3917951754,120011.39232800675,0,0,1,1
run-20251017-171201,1117,2025-10-11 00:30:00,112774.49,113000.0,111620.3,112451.53,2367.98263,113588.32185106938,115598.54939109151,2682.1514285714293,116303.19540185164,119860.64397221345,0,0,1,1
run-20251017-171201,1118,2025-10-11 01:00:00,112451.53,113178.66,112092.9,112514.58,1252.34615,113373.57348085551,115318.18853735592,2716.0978571428577,116016.60255280501,119716.41689620617,0,0,1,1
run-20251017-171201,1119,2025-10-11 01:30:00,112514.57,112530.01,111166.2,111260.89,1447.38788,112951.03678468442,114949.3432157781,2789.4771428571435,115676.93531306606,119555.78704801021,0,0,1,1
run-20251017-171201,1120,2025-10-11 02:00:00,111260.9,111960.88,111019.43,111095.37,1349.03815,112579.90342774754,114598.98201434372,2823.695000000002,115330.29325131551,119389.73557457124,0,0,1,1
run-20251017-171201,1121,2025-10-11 02:30:00,111095.38,112434.59,111082.0,112180.24,1539.34389,112499.97074219806,114379.09637667611,2821.0621428571444,115079.36238231779,119244.69891707126,0,0,1,1
run-20251017-171201,1122,2025-10-11 03:00:00,112180.23,113297.92,112168.25,113196.48,1387.2149,112639.27259375845,114271.58579697828,2822.865714285716,114933.68046133987,119124.6997256241,0,0,1,1
run-20251017-171201,1123,2025-10-11 03:30:00,113196.48,113322.39,111863.04,111880.26,1280.98404,112487.47007500676,114054.19254270752,2884.8235714285734,114716.9825173691,118985.9789008797,0,0,1,1
run-20251017-171201,1124,2025-10-11 04:00:00,111880.25,112401.85,111800.0,112300.01,909.22905,112449.97806000541,113894.72140246136,2629.5528571428595,114515.326060824,118849.45386286818,0,0,1,1
run-20251017-171201,1125,2025-10-11 04:30:00,112300.0,112591.61,112065.62,112274.66,608.62232,112414.91444800433,113747.44309314669,1730.5028571428597,114349.13456825775,118720.85835903673,0,0,1,1
run-20251017-171201,1126,2025-10-11 05:00:00,112274.67,112991.16,111700.0,112945.79,838.11705,112521.08955840347,113674.56553922426,1381.5507142857168,114209.75383252092,118598.27455994193,0,0,1,1
run-20251017-171201,1127,2025-10-11 05:30:00,112945.79,112945.79,111992.85,112016.36,696.83183,112420.14364672278,113523.81958111296,1241.0957142857162,114065.36211913984,118474.28743764413,0,0,1,1
run-20251017-171201,1128,2025-10-11 06:00:00,112016.36,112516.88,112000.76,112389.48,560.03827,112414.01091737824,113420.69780101177,1131.2057142857168,113923.10433989034,118350.29736289068,0,0,1,1
run-20251017-171201,1129,2025-10-11 06:30:00,112389.48,112753.91,112134.02,112676.56,537.20642,112466.52073390261,113353.04891001071,1098.2092857142884,113815.55798541973,118234.89108358294,0,0,1,1
run-20251017-171201,1130,2025-10-11 07:00:00,112676.56,112676.56,112000.0,112045.99,671.43362,112382.4145871221,113234.22537273701,992.6314285714304,113683.39764820946,118113.36339102915,0,0,1,1
run-20251017-171201,1131,2025-10-11 07:30:00,112046.0,112084.61,110683.6,110754.18,1847.36548,112056.76766969769,113008.76670248818,994.1535714285731,113482.4138075167,117973.98203529978,0,0,1,1
run-20251017-171201,1132,2025-10-11 08:00:00,110754.18,110999.99,110090.29,110384.61,1383.14773,111722.33613575816,112770.20700226197,981.577857142859,113253.56709413594,117826.14692804404,0,0,1,1
run-20251017-171201,1133,2025-10-11 08:30:00,110384.6,111111.11,110162.23,110949.22,1152.19048,111567.71290860653,112604.66272932907,951.9400000000023,113050.95429181868,117683.32630423683,0,0,1,1
run-20251017-171201,1134,2025-10-11 09:00:00,110949.22,111535.29,110731.66,111328.38,829.00646,111519.84632688524,112488.6370266628,942.0957142857151,112915.25470767268,117556.64050924688,0,0,1,1
run-20251017-171201,1135,2025-10-11 09:30:00,111328.38,111796.24,111274.41,111757.95,858.61331,111567.46706150818,112422.2109333298,882.7557142857155,112818.43642180783,117439.77080732372,0,0,1,1
run-20251017-171201,1136,2025-10-11 10:00:00,111757.95,111887.19,111497.55,111642.78,768.67029,111582.52964920655,112351.35357575437,829.8964285714299,112734.83202951196,117326.75861985663,0,0,1,1
run-20251017-171201,1137,2025-10-11 10:30:00,111642.78,112204.64,111621.77,112197.42,818.85256,111705.50771936524,112337.35961432215,767.2907142857148,112682.10157741568,117222.20760884491,0,0,1,1
run-20251017-171201,1138,2025-10-11 11:00:00,112197.42,112271.34,111955.58,112114.64,531.89934,111787.3341754922,112317.1123766565,746.855714285714,112635.19326696465,117120.21408672724,0,0,1,1
run-20251017-171201,1139,2025-10-11 11:30:00,112114.63,112350.0,111700.0,112350.0,577.40915,111899.86734039377,112320.10216059681,755.7135714285707,112601.35756785165,117022.64374764204,0,0,1,1
run-20251017-171201,1140,2025-10-11 12:00:00,112350.0,112359.67,112114.5,112280.0,392.49833,111975.89387231502,112316.45650963346,680.999999999999,112578.80280677116,116929.29592412002,0,0,1,1
run-20251017-171201,1141,2025-10-11 12:30:00,112280.01,112466.66,112037.98,112466.66,514.26151,112074.04709785202,112330.11137239405,643.5528571428575,112556.63796964921,116837.38844857992,0,0,1,1
run-20251017-171201,1142,2025-10-11 13:00:00,112466.65,112466.66,112164.95,112380.14,483.29562,112135.26567828162,112334.65942944912,628.2378571428573,112539.73834107182,116748.2581275764,0,0,1,1
run-20251017-171201,1143,2025-10-11 13:30:00,112380.13,112500.0,112172.57,112345.98,388.38389,112177.4085426253,112335.68857222647,607.3478571428568,112530.64234406516,116662.603650656,0,0,1,1
run-20251017-171201,1144,2025-10-11 14:00:00,112345.99,112377.06,111890.33,112267.86,585.10142,112195.49883410025,112329.5223383877,593.788571428571,112507.161510227,116574.72500655007,0,0,1,1
run-20251017-171201,1145,2025-10-11 14:30:00,112267.86,112342.11,111964.11,112039.41,384.18505,112164.2810672802,112303.14848944337,520.7164285714285,112477.4700753768,116486.55983427119,0,0,1,1
run-20251017-171201,1146,2025-10-11 15:00:00,112039.42,112200.0,111890.29,111991.97,674.36747,112129.81885382417,112274.8595358576,477.85999999999956,112443.09221490953,116398.33259565293,0,0,1,1
run-20251017-171201,1147,2025-10-11 15:30:00,111991.97,112385.93,111961.86,112204.91,311.65518,112144.83708305935,112268.50048714328,440.3735714285701,112427.70398615833,116316.06172571104,0,0,1,0
run-20251017-171201,1148,2025-10-11 16:00:00,112204.9,112228.4,111793.2,111793.2,339.99337,112074.50966644748,112225.29135194843,414.057142857142,112384.44020406235,116227.94700873451,0,0,1,1
run-20251017-171201,1149,2025-10-11 16:30:00,111793.21,112089.92,111793.2,111806.29,367.84058,112020.86573315799,112187.2003199531,397.9778571428563,112349.52875430747,116142.88712786556,0,0,1,1
run-20251017-171201,1150,2025-10-11 17:00:00,111806.29,111897.89,111442.91,111846.18,466.7363,111985.9285865264,112156.19847268464,402.6449999999989,112298.40325993551,116054.55826565195,0,0,1,1
run-20251017-171201,1151,2025-10-11 17:30:00,111846.18,112185.53,111715.99,112122.69,354.97789,112013.28086922113,112153.15224789512,394.54999999999876,112282.41473552679,115976.05369614821,0,0,1,1
run-20251017-171201,1152,2025-10-11 18:00:00,112122.69,112181.46,111853.9,112005.57,323.74762,112011.7386953769,112139.73567990467,395.39285714285717,112262.80044598226,115897.8696963235,0,0,1,0
run-20251017-171201,1153,2025-10-11 18:30:00,112005.56,112025.4,111836.45,111894.49,180.67273,111988.28895630153,112117.44061809515,362.46071428571406,112234.53628250805,115818.6115899138,0,0,1,0
run-20251017-171201,1154,2025-10-11 19:00:00,111894.49,111963.64,111861.06,111955.27,112.11675,111981.68516504124,112102.69783463195,352.27571428571434,112211.68916351473,115741.75259206892,0,0,1,0
run-20251017-171201,1155,2025-10-11 19:30:00,111955.27,112025.4,111000.0,111391.55,805.5321,111863.658132033,112038.04803148359,394.8985714285705,112155.36823590884,115657.37497830552,0,0,1,1
run-20251017-171201,1156,2025-10-11 20:00:00,111391.54,111422.64,110865.82,111178.31,527.28762,111726.58850562641,111959.89002862145,413.1207142857124,112075.79922891853,115567.52204588692,0,0,1,1
run-20251017-171201,1157,2025-10-11 20:30:00,111178.3,111368.29,110487.06,110619.08,652.40819,111505.08680450114,111837.99820783768,452.67785714285543,111973.23846544922,115472.00670377388,0,0,1,1
run-20251017-171201,1158,2025-10-11 21:00:00,110619.08,110832.0,109653.65,110244.98,1100.12959,111253.06544360092,111693.17837076151,502.0792857142847,111844.23007133548,115369.51915388604,0,0,1,1
run-20251017-171201,1159,2025-10-11 21:30:00,110244.98,110866.61,109561.59,110802.96,858.97173,111163.04435488075,111612.24942796501,568.2949999999993,111735.41612505825,115271.57827660309,0,0,1,1
run-20251017-171201,1160,2025-10-11 22:00:00,110802.96,111000.0,110584.01,110893.54,240.44485,111109.14348390461,111546.91220724092,575.8864285714278,111663.25841455783,115182.94580212765,0,0,1,0
run-20251017-171201,1161,2025-10-11 22:30:00,110893.55,111056.0,110652.0,110928.87,317.74591,111073.0887871237,111490.7265520372,574.4528571428569,111607.5238113623,115098.90096012616,0,0,1,0
run-20251017-171201,1162,2025-10-11 23:00:00,110928.87,111291.61,110912.51,111043.27,253.35009,111067.12502969897,111450.04868367017,570.4457142857146,111566.30848561358,115019.16134803486,0,0,1,0
run-20251017-171201,1163,2025-10-11 23:30:00,111043.26,111114.46,110817.69,110949.88,255.21194,111043.67602375918,111404.57880333651,570.4492857142862,111516.97476122962,114938.07775113313,0,0,1,0
run-20251017-171201,1164,2025-10-12 00:00:00,110949.88,111000.0,110644.0,110644.4,344.66979,110963.82081900735,111335.47163939683,563.3792857142865,111457.43044279599,114855.03082108423,0,0,1,1
run-20251017-171201,1165,2025-10-12 00:30:00,110644.4,110685.63,109907.03,109924.92,568.77432,110756.04065520588,111207.23967217893,585.4550000000017,111354.80389586819,114761.38501486987,0,0,1,1
run-20251017-171201,1166,2025-10-12 01:00:00,109924.91,110472.02,109565.06,109641.54,602.7774,110533.14052416472,111064.90333834448,626.8407142857156,111226.86258130701,114660.99736129952,0,0,1,1
run-20251017-171201,1167,2025-10-12 01:30:00,109641.54,110123.85,109641.46,109963.63,623.76179,110419.23841933178,110964.78758031316,647.8007142857158,111132.24621211771,114568.64084663308,0,0,1,1
run-20251017-171201,1168,2025-10-12 02:00:00,109963.63,110318.01,109822.15,109978.56,581.64849,110331.10273546544,110875.13052755741,675.8921428571442,111044.61357758348,114478.03234889031,0,0,1,1
run-20251017-171201,1169,2025-10-12 02:30:00,109978.56,110528.34,109856.78,110447.44,472.07095,110354.37018837236,110836.24957050673,650.6178571428588,110987.12998069126,114395.19687454286,0,0,1,1
run-20251017-171201,1170,2025-10-12 03:00:00,110447.44,110708.89,109600.0,110119.02,574.97728,110307.30015069789,110771.04688227884,690.0514285714307,110925.08128552085,114311.75193110993,0,0,1,1
run-20251017-171201,1171,2025-10-12 03:30:00,110119.02,111368.14,110002.2,110960.34,985.34585,110437.90812055832,110788.25534752621,724.6735714285741,110918.29613476955,114242.90607420323,0,0,1,1
run-20251017-171201,1172,2025-10-12 04:00:00,110961.27,111230.16,110602.8,110676.0,376.22816,110485.52649644666,110778.05031593291,685.3171428571451,110910.16594370693,114175.02155997431,0,0,1,1
run-20251017-171201,1173,2025-10-12 04:30:00,110676.0,111216.43,110617.1,111131.38,298.47741,110614.69719715734,110810.17119630263,634.9107142857154,110925.0576204692,114114.19908508558,0,0,1,0
run-20251017-171201,1174,2025-10-12 05:00:00,111131.38,111957.14,111131.38,111524.87,589.3466,110796.73175772588,110875.14381482056,664.1800000000003,110970.26447779569,114062.68732280078,0,0,1,1
run-20251017-171201,1175,2025-10-12 05:30:00,111524.87,111583.93,111188.0,111583.92,253.67947,110954.1694061807,110939.57801347323,663.6035714285712,111006.63066174065,114010.77505532622,1,0,1,0
run-20251017-171201,1176,2025-10-12 06:00:00,111583.92,111816.04,111421.75,111700.38,283.82971,111103.41152494457,111008.74183043021,664.6885714285703,111053.90030712777,113963.43737645044,0,0,1,0
run-20251017-171201,1177,2025-10-12 06:30:00,111700.38,112125.51,111616.0,111933.62,382.79854,111269.45321995567,111092.82166402746,679.8842857142839,111117.86466644128,113922.28169859196,0,0,1,1
run-20251017-171201,1178,2025-10-12 07:00:00,111933.62,111933.63,111623.26,111686.01,381.2486,111352.76457596455,111146.7478763886,676.624999999999,111163.22047832586,113878.43659676593,0,0,1,1
run-20251017-171201,1179,2025-10-12 07:30:00,111686.02,111933.85,111550.0,111616.39,334.74174,111405.48966077165,111189.44261489873,648.4285714285704,111196.74377872371,113833.29892499016,0,0,1,1
run-20251017-171201,1180,2025-10-12 08:00:00,111616.38,111733.15,111491.09,111525.2,207.17554,111429.43172861732,111219.96601354428,600.9357142857126,111224.24138128245,113788.18117740985,0,0,1,0
run-20251017-171201,1181,2025-10-12 08:30:00,111525.19,111798.99,111478.0,111762.09,244.11852,111495.96338289387,111269.25001231299,589.4071428571416,111256.25246307542,113745.61795268948,0,0,1,0
run-20251017-171201,1182,2025-10-12 09:00:00,111762.09,111762.09,111300.0,111310.9,329.38062,111458.95070631511,111273.03637482999,586.9949999999984,111271.34753704118,113700.25500171918,0,0,1,1
run-20251017-171201,1183,2025-10-12 09:30:00,111310.9,111423.14,111139.87,111388.99,222.34323,111444.9585650521,111283.5776134818,559.259999999999,111273.29234003687,113652.63184730777,0,0,1,0
run-20251017-171201,1184,2025-10-12 10:00:00,111388.98,111920.01,111340.68,111837.04,373.70213,111523.37485204168,111333.89237589254,521.4342857142848,111308.47646613939,113614.54575790786,0,0,1,1
run-20251017-171201,1185,2025-10-12 10:30:00,111837.05,112026.63,111560.0,111613.99,324.76496,111541.49788163335,111359.35579626594,457.1978571428564,111340.90753371807,113577.26897994876,0,0,1,0
run-20251017-171201,1186,2025-10-12 11:00:00,111613.99,111720.08,111450.0,111651.64,212.21285,111563.52630530667,111385.92708751449,431.67785714285645,111362.27831159442,113538.47911623353,0,0,1,0
run-20251017-171201,1187,2025-10-12 11:30:00,111651.64,111906.15,111477.61,111740.0,403.31829,111598.82104424534,111418.11553410409,419.47857142857123,111395.98641527805,113504.08593653534,0,0,1,1
run-20251017-171201,1188,2025-10-12 12:00:00,111740.0,112133.33,111684.0,111848.36,700.98035,111648.72883539628,111457.22866736735,392.59071428571457,111435.9193014543,113472.64616946947,0,0,1,1
run-20251017-171201,1189,2025-10-12 12:30:00,111848.35,112250.0,111835.25,112004.64,558.23799,111719.91106831703,111506.99333397033,393.9350000000008,111484.54231556779,113444.85654506476,0,0,1,1
run-20251017-171201,1190,2025-10-12 13:00:00,112004.63,112034.13,111555.0,111789.6,456.31407,111733.84885465362,111532.68484906392,399.9950000000016,111509.83832359794,113412.56083812554,0,0,1,1
run-20251017-171201,1191,2025-10-12 13:30:00,111789.61,111934.51,111564.13,111677.06,288.17569,111722.4910837229,111545.80986278539,390.05714285714413,111532.17142443624,113380.6726271778,0,0,1,0
run-20251017-171201,1192,2025-10-12 14:00:00,111677.07,111837.94,111265.99,111297.52,875.64075,111637.49686697833,111523.23805707761,408.7414285714289,111533.75048445654,113344.55352909256,0,0,1,1
run-20251017-171201,1193,2025-10-12 14:30:00,111297.51,111541.71,111219.96,111481.26,235.4354,111606.24949358267,111519.42187007055,404.3057142857142,111527.27391510193,113307.01947589403,0,0,1,0
run-20251017-171201,1194,2025-10-12 15:00:00,111481.26,112990.9,111177.75,112338.1,2563.3356,111752.61959486615,111593.8471546096,516.5264285714283,111554.26355638592,113278.58882465483,0,0,1,1
run-20251017-171201,1195,2025-10-12 15:30:00,112338.11,113745.84,112078.0,113169.49,2614.30169,112035.99367589293,111737.08741328145,612.729999999999,111680.31169507213,113276.91161023629,0,0,1,1
run-20251017-171201,1196,2025-10-12 16:00:00,113169.49,113311.32,112400.0,113198.2,1428.97545,112268.43494071435,111869.91583025586,644.817857142857,111777.18818910733,113270.16583195882,0,0,1,1
run-20251017-171201,1197,2025-10-12 16:30:00,113198.2,114312.3,113198.2,113649.78,2112.80359,112544.7039525715,112031.72166386897,704.1628571428571,111930.60645215175,113280.14783424672,0,0,1,1
run-20251017-171201,1198,2025-10-12 17:00:00,113649.78,114700.0,113372.33,114069.35,1487.75848,112849.6331620572,112216.96060351725,757.6157142857139,112101.60694794939,113297.48647221614,0,0,1,1
run-20251017-171201,1199,2025-10-12 17:30:00,114069.35,114466.94,113873.04,114336.93,780.03127,113147.09252964577,112409.68509410658,766.7064285714285,112272.74349943348,113317.87414534866,0,0,1,1
run-20251017-171201,1200,2025-10-12 18:00:00,114336.93,114399.47,113516.38,113799.99,834.3101,113277.67202371663,112536.0764491878,810.4928571428567,112410.30066979615,113332.68181307276,0,0,1,1
run-20251017-171201,1201,2025-10-12 18:30:00,113799.99,114236.87,113782.0,113894.18,427.95325,113400.97361897331,112659.54040835254,812.3735714285712,112530.14457830857,113345.30193855338,0,0,1,1
run-20251017-171201,1202,2025-10-12 19:00:00,113894.19,114017.41,113553.81,113878.93,389.97215,113496.56489517866,112770.39400759322,813.3928571428571,112624.16969339443,113353.33561814443,0,0,1,1
run-20251017-171201,1203,2025-10-12 19:30:00,113878.93,114390.97,113826.65,114289.99,297.95356,113655.24991614294,112908.53909781203,824.0764285714291,112754.41939017303,113372.44724670523,0,0,1,0
run-20251017-171201,1204,2025-10-12 20:00:00,114289.99,114396.69,114090.34,114342.28,304.56652,113792.65593291436,113038.87917982912,811.7350000000006,112870.28401991751,113390.02208353195,0,0,1,0
run-20251017-171201,1205,2025-10-12 20:30:00,114342.28,115357.1,114342.27,115230.89,886.45128,114080.3027463315,113238.15289075374,857.7671428571442,113028.11010835138,113420.28024033934,0,0,1,1
run-20251017-171201,1206,2025-10-12 21:00:00,115230.88,115468.65,114900.0,114927.97,930.91126,114249.8361970652,113391.77262795794,857.5314285714297,113180.87952716327,113451.88196029006,0,0,1,1
run-20251017-171201,1207,2025-10-12 21:30:00,114927.97,115600.0,114674.21,114953.14,952.42579,114390.49695765217,113533.7151163254,900.6771428571436,113332.52701450174,113485.62831438448,0,0,1,1
run-20251017-171201,1208,2025-10-12 22:00:00,114953.15,114957.47,114217.75,114882.06,659.23508,114488.80956612174,113656.29192393218,824.0035714285726,113441.9080591383,113510.72580822108,0,0,1,1
run-20251017-171201,1209,2025-10-12 22:30:00,114882.06,115770.0,114882.06,115233.74,1215.58373,114637.7956528974,113799.69629448379,768.2964285714303,113584.99445981972,113546.2314069296,0,1,1,1
run-20251017-171201,1210,2025-10-12 23:00:00,115233.75,115536.83,115101.46,115221.4,527.81252,114754.51652231792,113928.94208589435,734.3000000000009,113717.17551635031,113581.06306194943,0,1,1,1
run-20251017-171201,1211,2025-10-12 23:30:00,115221.4,115322.0,114733.65,115245.25,708.10994,114852.66321785435,114048.60644172214,696.7464285714294,113821.37273923765,113610.53856083413,0,1,1,1
run-20251017-171201,1212,2025-10-13 00:00:00,115245.25,115350.8,114841.78,114958.8,391.30476,114873.89057428349,114131.35131065648,638.2714285714299,113908.99740365613,113637.2789992226,0,1,1,1
run-20251017-171201,1213,2025-10-13 00:30:00,114958.81,115888.0,114766.69,115218.63,987.87595,114942.8384594268,114230.19482786952,675.9435714285719,114010.47542721199,113668.79494240774,0,1,1,1
run-20251017-171201,1214,2025-10-13 01:00:00,115218.64,115482.43,114966.32,115280.84,492.36121,115010.43876754145,114325.70802533593,649.730714285714,114102.71451777626,113699.29252925148,0,1,1,1
run-20251017-171201,1215,2025-10-13 01:30:00,115280.83,115654.62,115079.18,115602.0,538.27935,115128.75101403316,114441.73456848721,658.3428571428574,114202.09979130367,113732.81174849355,0,1,1,1
run-20251017-171201,1216,2025-10-13 02:00:00,115602.0,115750.0,115503.0,115713.32,276.21888,115245.66481122654,114557.33324407929,642.8714285714284,114316.710541684,113771.61244949614,0,1,1,0
run-20251017-171201,1217,2025-10-13 02:30:00,115713.31,115963.81,115001.62,115210.69,543.25106,115238.66984898124,114616.72931279935,671.2907142857138,114389.86985412662,113801.26348586661,0,1,1,1
run-20251017-171201,1218,2025-10-13 03:00:00,115210.69,115475.34,115174.76,115319.97,439.58972,115254.929879185,114680.66028436304,670.8785714285706,114461.50493646982,113831.36657814916,0,1,1,1
run-20251017-171201,1219,2025-10-13 03:30:00,115319.98,115613.7,115111.91,115157.11,327.34562,115235.365903348,114723.9738948755,634.2328571428558,114526.82478756786,113860.71195716158,0,1,1,0
run-20251017-171201,1220,2025-10-13 04:00:00,115157.11,115215.16,114619.45,114821.12,518.68679,115152.51672267841,114732.80535897771,636.1657142857138,114551.085626663,113880.156026226,0,1,1,1
run-20251017-171201,1221,2025-10-13 04:30:00,114821.13,115000.0,114616.01,114651.46,347.56232,115052.30537814273,114725.41032634336,597.4657142857146,114561.69101484733,113896.18389481884,0,1,1,0
run-20251017-171201,1222,2025-10-13 05:00:00,114651.46,114999.99,114398.24,114708.15,738.4479,114983.4743025142,114723.8412057667,587.6107142857145,114569.49242854613,113911.35729557984,0,1,1,1
run-20251017-171201,1223,2025-10-13 05:30:00,114708.15,114834.7,114500.02,114713.83,217.01839,114929.54544201137,114722.93109615154,548.0921428571424,114581.5774551862,113927.50535635896,0,1,1,0
run-20251017-171201,1224,2025-10-13 06:00:00,114713.82,114736.24,114532.06,114611.82,617.95916,114866.0003536091,114712.83008741049,531.5785714285719,114582.78915413382,113940.7646032814,0,1,1,1
run-20251017-171201,1225,2025-10-13 06:30:00,114611.82,115123.71,114417.77,115099.99,328.08072,114912.79828288729,114748.02644310043,539.9778571428573,114610.50615881404,113960.56777838536,0,1,1,0
run-20251017-171201,1226,2025-10-13 07:00:00,115099.99,115379.84,114911.12,115221.22,271.33149,114974.48262630985,114791.04403918222,537.0992857142857,114649.2334822424,113983.37807459813,0,1,1,0
run-20251017-171201,1227,2025-10-13 07:30:00,115221.23,115552.01,115034.0,115493.8,333.1219,115078.34610104788,114854.93094471112,494.00642857142833,114710.62817026683,114012.35928348708,0,1,1,0
run-20251017-171201,1228,2025-10-13 08:00:00,115493.8,115554.83,115101.02,115399.67,583.49125,115142.6108808383,114904.4526770101,489.55642857142914,114764.75114064233,114040.12820141512,0,1,1,1
run-20251017-171201,1229,2025-10-13 08:30:00,115399.66,115415.64,115138.0,115290.7,322.81356,115172.22870467065,114939.56607000918,468.28500000000037,114806.32427861678,114065.1871207208,0,1,1,0
run-20251017-171201,1230,2025-10-13 09:00:00,115290.71,115438.17,115164.22,115254.23,322.03831,115188.62896373653,114968.17188182652,470.21000000000015,114839.17832870393,114088.3170071945,0,1,1,0
run-20251017-171201,1231,2025-10-13 09:30:00,115254.23,115254.23,114748.38,114950.0,807.2133,115140.90317098923,114966.51989256956,437.6142857142851,114842.09861100276,114103.91512888073,0,1,1,1
run-20251017-171201,1232,2025-10-13 10:00:00,114950.0,115199.58,114928.0,115127.04,230.35226,115138.13053679139,114981.11262960869,435.5428571428565,114863.4827700952,114124.0370025199,0,1,1,0
run-20251017-171201,1233,2025-10-13 10:30:00,115127.05,115162.0,114823.26,114884.69,441.38477,115087.44242943311,114972.34693600789,423.89642857142877,114868.95133064152,114140.10251272966,0,1,1,1
run-20251017-171201,1234,2025-10-13 11:00:00,114884.69,114970.85,114740.34,114810.62,455.29925,115032.0779435465,114957.64448727989,397.8107142857147,114863.85602647839,114153.22026649358,0,1,1,1
run-20251017-171201,1235,2025-10-13 11:30:00,114810.61,114810.61,113616.5,113643.33,1312.44822,114754.3283548372,114838.16135207262,455.67714285714254,114804.16685104754,114152.05550440367,0,1,1,1
run-20251017-171201,1236,2025-10-13 12:00:00,113643.33,114380.0,113629.13,114180.0,669.31279,114639.46268386976,114778.3285018842,466.3285714285708,114752.48946919075,114151.64588821787,0,1,1,1
run-20251017-171201,1237,2025-10-13 12:30:00,114180.0,114473.13,113931.16,114353.92,418.59821,114582.35414709582,114739.74591080382,481.13499999999993,114722.71355460476,114155.87907624357,0,1,1,1
run-20251017-171201,1238,2025-10-13 13:00:00,114353.92,114748.97,114254.88,114412.26,790.87235,114548.33531767667,114709.9744643671,501.8428571428563,114702.95347351252,114162.03086652116,0,1,1,1
run-20251017-171201,1239,2025-10-13 13:30:00,114412.25,114704.1,114220.07,114345.7,490.58995,114507.80825414135,114676.85860397009,485.9921428571418,114676.47618988987,114165.9274677633,0,1,1,1
run-20251017-171201,1240,2025-10-13 14:00:00,114346.54,115530.0,114312.84,115345.79,1324.60896,114675.40460331307,114737.67054906371,539.4521428571419,114703.729554758,114182.95989928207,0,1,1,1
run-20251017-171201,1241,2025-10-13 14:30:00,115345.79,115476.18,114177.8,114318.48,801.59586,114604.01968265045,114699.56231733065,595.1928571428559,114698.47600191232,114192.0150835739,0,1,1,1
run-20251017-171201,1242,2025-10-13 15:00:00,114318.49,114800.0,113800.01,114036.63,633.2878,114490.54174612038,114639.29574302786,634.2057142857136,114666.81397177684,114193.96600541103,0,1,1,1
run-20251017-171201,1243,2025-10-13 15:30:00,114036.63,114600.0,113968.02,114259.37,475.01159,114444.3073968963,114604.75703911623,659.5157142857133,114641.47268982552,114196.82685825307,0,1,1,1
run-20251017-171201,1244,2025-10-13 16:00:00,114259.37,114727.95,114108.16,114312.1,603.56415,114417.86591751705,114578.15185374202,684.2185714285703,114610.97478980049,114197.75735535457,0,1,1,1
run-20251017-171201,1245,2025-10-13 16:30:00,114312.09,115174.0,114270.89,114457.27,675.36988,114425.74673401364,114567.16259431092,712.5942857142852,114616.31888900846,114207.38352984819,0,1,1,1
run-20251017-171201,1246,2025-10-13 17:00:00,114457.27,114800.0,114353.17,114669.24,309.67274,114474.44538721092,114576.44235846447,725.1121428571423,114609.94313437497,114213.79801503722,0,1,1,0
run-20251017-171201,1247,2025-10-13 17:30:00,114669.25,114985.56,114458.36,114546.0,299.70801,114488.75630976874,114573.67487133134,738.5735714285703,114606.1253847114,114220.66347004999,0,1,1,0
run-20251017-171201,1248,2025-10-13 18:00:00,114546.0,115053.43,114215.79,115040.55,370.19255,114599.115047815,114616.11806484667,781.9399999999981,114617.59454390315,114231.16324936139,0,1,1,0
run-20251017-171201,1249,2025-10-13 18:30:00,115040.55,115311.39,114710.0,115258.4,457.79683,114730.97203825199,114674.50733167879,739.6021428571413,114647.76302956996,114246.50879874163,1,1,1,1
run-20251017-171201,1250,2025-10-13 19:00:00,115258.39,115377.48,114977.58,115160.63,267.12551,114816.9036306016,114718.70030152616,714.5328571428555,114688.87356939542,114265.04754978757,0,1,1,0
run-20251017-171201,1251,2025-10-13 19:30:00,115160.63,115730.0,115070.0,115602.3,494.51346,114973.9829044813,114799.02754684196,722.9635714285697,114746.55022688137,114288.24322960169,0,1,1,1
run-20251017-171201,1252,2025-10-13 20:00:00,115602.3,115891.3,115485.75,115792.84,494.54403,115137.75432358505,114889.37413349267,716.6392857142845,114823.50698759792,114317.12239091747,0,1,1,1
run-20251017-171201,1253,2025-10-13 20:30:00,115792.84,115868.0,115485.76,115493.17,230.33885,115208.83745886805,114944.26466681152,709.3685714285706,114880.91513926284,114341.95653084634,0,1,1,0
run-20251017-171201,1254,2025-10-13 21:00:00,115493.17,115739.96,115400.0,115713.37,189.01869,115309.74396709444,115014.18333346501,646.711428571428,114935.23967296044,114366.58010242436,0,1,1,0
run-20251017-171201,1255,2025-10-13 21:30:00,115713.37,115786.04,115553.33,115632.35,152.03992,115374.26517367557,115070.38030315,570.5921428571424,114988.97819099503,114391.67959842844,0,1,1,0
run-20251017-171201,1256,2025-10-13 22:00:00,115632.36,115700.0,115605.7,115700.0,69.73838,115439.41213894046,115127.61845740909,505.89999999999935,115040.70398945754,114416.8157277633,0,1,1,0
run-20251017-171201,1257,2025-10-13 22:30:00,115700.0,115835.04,115583.03,115583.04,191.76056,115468.13771115238,115169.02041582644,478.759285714285,115088.36070691564,114441.4655962762,0,1,1,0
run-20251017-171201,1258,2025-10-13 23:00:00,115583.03,115602.39,115442.67,115507.19,141.18966,115475.9481689219,115199.76310529676,445.8971428571427,115122.54140611476,114463.0850280472,0,1,1,0
run-20251017-171201,1259,2025-10-13 23:30:00,115507.2,115507.2,115308.0,115388.11,214.57951,115458.38053513752,115216.88555026978,395.61785714285674,115141.44838757461,114481.0061764733,0,1,1,0
run-20251017-171201,1260,2025-10-14 00:00:00,115388.1,115432.88,115005.44,115166.0,340.03871,115399.90442811002,115212.25959115435,394.23285714285674,115144.07774646931,114494.7639472914,0,1,1,0
run-20251017-171201,1261,2025-10-14 00:30:00,115166.0,115378.0,115049.16,115209.22,357.25745,115361.76754248801,115211.98326468577,380.0642857142853,115149.72464793266,114509.07802323425,0,1,1,0
run-20251017-171201,1262,2025-10-14 01:00:00,115209.21,115409.96,114871.93,114959.03,401.78228,115281.22003399041,115188.98751335069,358.663571428572,115142.85926939112,114520.0265557313,0,1,1,1
run-20251017-171201,1263,2025-10-14 01:30:00,114959.02,114991.99,114523.33,114565.07,438.71171,115137.99002719234,115132.26773940971,349.18285714285804,115102.57747243681,114522.00261215107,0,1,1,1
run-20251017-171201,1264,2025-10-14 02:00:00,114565.07,114593.58,114137.93,114274.57,266.60753,114965.30602175389,115054.2952176452,353.1650000000019,115048.13524464468,114519.51535119912,0,1,1,0
run-20251017-171201,1265,2025-10-14 02:30:00,114274.57,114298.08,113900.51,114013.98,338.70694,114775.04081740312,114959.72110695018,334.4200000000024,114971.62965105417,114510.2930972708,0,1,1,0
run-20251017-171201,1266,2025-10-14 03:00:00,114013.97,114115.09,113647.05,113647.05,512.69381,114549.44265392251,114840.38736995471,338.8835714285732,114877.82078899696,114495.30244362816,0,1,1,1
run-20251017-171201,1267,2025-10-14 03:30:00,113647.05,113697.64,113279.76,113329.53,896.29602,114305.46012313802,114703.03669995882,341.4292857142874,114765.22112048509,114473.90583129424,0,1,1,1
run-20251017-171201,1268,2025-10-14 04:00:00,113329.53,113700.0,113319.02,113500.0,244.78887,114144.36809851043,114593.66972723529,344.35928571428667,114667.82909276614,114454.5936582036,0,1,1,0
run-20251017-171201,1269,2025-10-14 04:30:00,113500.0,113599.99,113225.68,113495.9,405.87322,114014.67447880836,114493.87247930482,354.47357142857385,114575.2327688318,114434.96099696842,0,1,1,1
run-20251017-171201,1270,2025-10-14 05:00:00,113495.89,113496.75,112787.0,113062.09,784.03119,113824.1575830467,114363.71043573166,398.4342857142879,114463.38630448488,114408.95382146351,0,1,1,1
run-20251017-171201,1271,2025-10-14 05:30:00,113062.09,113691.0,112994.29,113031.91,837.07432,113665.70806643736,114242.63766884696,430.19857142857444,114371.6133091381,114386.47055725791,0,0,1,1
run-20251017-171201,1272,2025-10-14 06:00:00,113031.92,113116.78,112390.0,112493.11,959.18813,113431.1884531499,114083.58969895178,470.70285714286,114227.14487321822,114348.97299071735,0,0,1,1
run-20251017-171201,1273,2025-10-14 06:30:00,112493.1,112699.21,112260.09,112282.32,589.07871,113201.41476251993,113919.83790813798,487.8400000000038,114087.79345659244,114310.71523837028,0,0,1,1
run-20251017-171201,1274,2025-10-14 07:00:00,112282.33,112435.61,111355.01,111987.38,1264.60186,112958.60781001594,113744.15991648908,534.4942857142897,113920.63363678526,114263.23205254083,0,0,1,1
run-20251017-171201,1275,2025-10-14 07:30:00,111987.39,112194.0,111679.76,112079.14,507.66586,112782.71424801275,113592.79446953553,547.7371428571475,113774.09404918163,114218.69198219525,0,0,1,1
run-20251017-171201,1276,2025-10-14 08:00:00,112079.14,112090.75,111445.72,111724.41,938.78586,112571.05339841021,113422.94133594137,555.3800000000036,113614.39780549218,114168.75532949467,0,0,1,1
run-20251017-171201,1277,2025-10-14 08:30:00,111724.41,112000.0,111513.63,111973.1,583.40805,112451.46271872817,113291.13757812852,556.645000000003,113484.86421029863,114124.40782365088,0,0,1,1
run-20251017-171201,1278,2025-10-14 09:00:00,111972.9,112140.0,111735.47,111803.33,396.47616,112321.83617498254,113155.88234375318,552.9935714285738,113366.059934228,114081.19098894579,0,0,1,0
run-20251017-171201,1279,2025-10-14 09:30:00,111803.33,112000.0,111624.62,111767.91,293.00865,112211.05093998605,113029.70303977562,551.4085714285736,113243.41485662494,114035.44792191386,0,0,1,0
run-20251017-171201,1280,2025-10-14 10:00:00,111767.92,111900.0,111055.91,111287.89,644.92306,112026.41875198885,112871.356399796,578.2692857142881,113101.56477153268,113983.26905412518,0,0,1,1
run-20251017-171201,1281,2025-10-14 10:30:00,111287.9,111336.11,110348.11,110378.14,1052.42194,111696.76300159108,112644.7003634509,618.9921428571449,112913.7687491157,113917.5342766865,0,0,1,1
run-20251017-171201,1282,2025-10-14 11:00:00,110378.14,110700.0,110012.24,110623.58,885.49074,111482.12640127288,112460.96214859172,640.9050000000019,112728.38580800722,113849.88212200349,0,0,1,1
run-20251017-171201,1283,2025-10-14 11:30:00,110623.58,111617.68,110614.25,111480.83,920.59351,111481.86712101831,112371.85922599246,685.8421428571435,112627.72491542691,113801.73414255738,0,0,1,1
run-20251017-171201,1284,2025-10-14 12:00:00,111480.82,111630.28,111266.12,111313.98,505.51267,111448.28969681465,112275.68838726587,661.1571428571436,112527.41443365629,113752.65800845066,0,0,1,1
run-20251017-171201,1285,2025-10-14 12:30:00,111313.98,111361.15,110952.0,111248.91,523.50692,111408.41375745174,112182.34489751443,640.6171428571428,112429.38268174116,113703.15247376687,0,0,1,1
run-20251017-171201,1286,2025-10-14 13:00:00,111248.9,111280.0,110737.29,110803.28,453.39935,111287.3870059614,112056.97536137674,627.4692857142862,112307.3609299733,113646.51897412544,0,0,1,1
run-20251017-171201,1287,2025-10-14 13:30:00,110803.29,110960.0,110350.0,110753.65,660.2932,111180.63960476912,111938.49123761522,639.6749999999998,112176.2280633856,113586.2610701305,0,0,1,1
run-20251017-171201,1288,2025-10-14 14:00:00,110753.64,111329.71,109866.0,111014.38,1759.72831,111147.38768381531,111854.48112510475,667.0399999999998,112068.03118038786,113530.45167590502,0,0,1,1
run-20251017-171201,1289,2025-10-14 14:30:00,111014.38,112200.0,110905.73,111818.85,1346.8163,111281.68014705226,111851.2419319134,722.7564285714283,112043.26769862024,113495.09443423468,0,0,1,1
run-20251017-171201,1290,2025-10-14 15:00:00,111818.85,112104.97,111359.75,111435.21,761.83334,111312.38611764181,111813.420847194,729.9128571428571,112011.16529195971,113458.13689933733,0,0,1,1
run-20251017-171201,1291,2025-10-14 15:30:00,111435.2,111780.0,111062.15,111507.29,513.94497,111351.36689411345,111785.59077017635,746.4471428571435,111960.8282222204,113416.47629243479,0,0,1,1
run-20251017-171201,1292,2025-10-14 16:00:00,111507.29,112943.82,111395.58,112900.43,1167.46492,111661.17951529076,111886.93979106941,828.1407142857154,112004.33233431418,113398.74209788645,0,0,1,1
run-20251017-171201,1293,2025-10-14 16:30:00,112900.44,113187.62,112284.96,112732.8,1453.25468,111875.50361223261,111963.83617369947,865.8035714285714,112061.21184724658,113385.7816365536,0,0,1,1
run-20251017-171201,1294,2025-10-14 17:00:00,112732.8,112881.18,112189.42,112328.83,976.28824,111966.1688897861,111997.01743063588,854.922857142857,112090.6589255052,113367.17130291724,0,0,1,1
run-20251017-171201,1295,2025-10-14 17:30:00,112328.83,112922.01,111692.31,112780.71,1382.77408,112129.0771118289,112068.26220966899,872.1871428571425,112142.62482896502,113355.27231669577,1,0,1,1
run-20251017-171201,1296,2025-10-14 18:00:00,112780.7,112933.65,112352.0,112774.97,648.63907,112258.25568946313,112132.50837242635,864.6078571428568,112187.92940190122,113342.91376880447,0,0,1,1
run-20251017-171201,1297,2025-10-14 18:30:00,112774.98,113450.0,112726.0,113153.72,673.84944,112437.34855157051,112225.34579311486,844.6485714285716,112266.22357322754,113340.22143457901,0,0,1,1
run-20251017-171201,1298,2025-10-14 19:00:00,113153.72,113350.96,112662.72,112861.36,615.41338,112522.15084125641,112283.16526646806,867.7971428571431,112311.52226040728,113330.61809437301,0,0,1,1
run-20251017-171201,1299,2025-10-14 19:30:00,112861.36,113544.53,112861.36,113371.33,464.3855,112691.98667300514,112382.08933315278,887.3700000000006,112372.3094529942,113326.03594206247,0,0,1,0
run-20251017-171201,1300,2025-10-14 20:00:00,113371.34,113435.0,112021.59,112613.7,1221.40724,112676.32933840413,112403.14484832069,949.5628571428575,112413.46380493621,113317.88385687524,0,0,1,1
run-20251017-171201,1301,2025-10-14 20:30:00,112613.69,112908.35,112230.46,112810.01,404.6366,112703.06547072332,112440.13258938245,954.4121428571432,112434.53542316488,113305.36419039422,0,0,1,0
run-20251017-171201,1302,2025-10-14 21:00:00,112810.01,113008.47,112704.07,112992.87,160.22099,112761.02637657867,112490.38144489314,871.6042857142851,112473.02550981117,113298.01487843868,0,0,1,0
run-20251017-171201,1303,2025-10-14 21:30:00,112992.88,113000.0,112683.58,112981.35,337.2154,112805.09110126294,112535.01494990285,801.7578571428561,112503.2497843355,113289.42723301529,0,0,1,0
run-20251017-171201,1304,2025-10-14 22:00:00,112981.35,113186.0,112876.0,113128.7,223.84532,112869.81288101037,112588.98631809349,770.6707142857132,112550.01243836584,113285.89674697752,0,0,1,0
run-20251017-171201,1305,2025-10-14 22:30:00,113128.7,113577.0,113128.7,113184.64,354.04193,112932.7783048083,112643.13665281226,751.4171428571416,112608.43295829157,113286.40742400083,0,0,1,0
run-20251017-171201,1306,2025-10-14 23:00:00,113184.63,113240.0,112822.16,113211.87,234.59,112988.59664384664,112694.83968437478,670.6742857142838,112644.73267699273,113282.29055117095,0,0,1,0
run-20251017-171201,1307,2025-10-14 23:30:00,113211.87,113520.0,113133.04,113426.01,237.09533,113076.07931507732,112761.30971306798,633.8385714285707,112705.52822662806,113285.32476614245,0,0,1,0
run-20251017-171201,1308,2025-10-15 00:00:00,113426.01,113479.13,112998.22,113028.14,270.70669,113066.49145206186,112785.56701187999,618.7778571428571,112739.31548332717,113282.58016791684,0,0,1,0
run-20251017-171201,1309,2025-10-15 00:30:00,113028.13,113042.32,112650.0,112827.59,579.6804,113018.7111616495,112789.38728352726,558.9650000000007,112744.7754538518,113273.22352688485,0,0,1,1
run-20251017-171201,1310,2025-10-15 01:00:00,112827.58,113112.41,112602.02,112993.86,501.6453,113013.7409293196,112807.97571229751,553.875000000001,112761.8132044207,113267.13866409661,0,0,1,1
run-20251017-171201,1311,2025-10-15 01:30:00,112993.85,113005.57,112384.32,112482.06,619.70376,112907.40474345569,112778.34701117955,546.5357142857154,112749.53005144717,113254.00570275215,0,0,1,1
run-20251017-171201,1312,2025-10-15 02:00:00,112482.07,112772.39,112326.26,112738.17,251.02401,112873.55779476457,112774.69455561777,529.2421428571439,112740.11497636473,113241.55811080638,0,0,1,0
run-20251017-171201,1313,2025-10-15 02:30:00,112738.17,113568.96,112673.9,113568.96,428.14119,113012.63823581165,112846.90050510706,544.3771428571448,112780.73318656352,113241.99761654522,0,0,1,0
run-20251017-171201,1314,2025-10-15 03:00:00,113568.95,113612.35,112809.93,112809.94,383.95593,112972.09858864933,112843.54045918824,500.7350000000027,112791.29449478626,113235.61640090117,0,0,1,0
run-20251017-171201,1315,2025-10-15 03:30:00,112809.94,112866.77,111938.18,112260.0,394.03395,112829.67887091947,112790.49132653476,518.6421428571464,112758.97316492957,113218.52845751561,0,0,1,0
run-20251017-171201,1316,2025-10-15 04:00:00,112260.0,112260.0,111825.93,112024.29,368.36458,112668.60109673557,112720.83666048614,527.9042857142902,112702.3187885413,113194.8383962297,0,0,1,0
run-20251017-171201,1317,2025-10-15 04:30:00,112024.3,112330.7,111746.76,112180.14,710.75475,112570.90887738847,112671.68241862376,547.0128571428619,112656.09899703486,113173.1594121208,0,0,1,1
run-20251017-171201,1318,2025-10-15 05:00:00,112180.13,112465.5,112072.17,112344.81,434.9753,112525.68910191079,112641.96674420343,552.9650000000048,112626.96034289915,113155.3966000692,0,0,1,1
run-20251017-171201,1319,2025-10-15 05:30:00,112344.81,112567.85,112230.89,112309.89,348.32246,112482.52928152864,112611.77794927584,545.012142857148,112609.25657950822,113140.4000480023,0,0,1,0
run-20251017-171201,1320,2025-10-15 06:00:00,112309.89,112659.0,112188.74,112431.95,275.04437,112472.41342522291,112595.42995388713,548.7564285714335,112600.10463183362,113127.54348657062,0,0,1,0
run-20251017-171201,1321,2025-10-15 06:30:00,112431.95,112485.71,111896.07,111944.0,311.82728,112366.73074017833,112536.2090489883,563.2335714285758,112560.42766667917,113106.9243274098,0,0,1,0
run-20251017-171201,1322,2025-10-15 07:00:00,111944.01,112563.8,111908.15,112460.47,428.68104,112385.47859214267,112529.32368089845,575.7150000000048,112547.4591417519,113092.74242443888,0,0,1,1
run-20251017-171201,1323,2025-10-15 07:30:00,112460.48,112680.0,112235.76,112349.24,577.12593,112378.23087371414,112512.95243718041,579.4235714285761,112537.49566295515,113079.40002896475,0,0,1,1
run-20251017-171201,1324,2025-10-15 08:00:00,112349.23,112590.51,112338.0,112584.5,355.47261,112419.48469897133,112519.4567610731,561.0035714285758,112535.47075230886,113068.12583567321,0,0,1,0
run-20251017-171201,1325,2025-10-15 08:30:00,112584.49,113169.4,112550.0,113124.97,662.7004,112560.58175917708,112574.50341915736,560.8714285714325,112573.13009469188,113067.24621466041,0,0,1,1
run-20251017-171201,1326,2025-10-15 09:00:00,113124.97,113520.88,112909.04,112944.85,574.116,112637.43540734166,112608.17129014306,572.7078571428616,112612.30116007505,113067.59098306397,1,0,1,1
run-20251017-171201,1327,2025-10-15 09:30:00,112944.84,113127.39,112498.0,112600.0,527.08647,112629.94832587334,112607.42844558459,553.731428571432,112624.89405049605,113061.87183139815,0,0,1,1
run-20251017-171201,1328,2025-10-15 10:00:00,112599.99,112710.23,112380.8,112564.01,321.35278,112616.76066069867,112603.4813141678,519.9464285714306,112619.6962765248,113051.87846328554,0,0,1,0
run-20251017-171201,1329,2025-10-15 10:30:00,112564.0,112645.61,112306.14,112397.99,455.57354,112573.00652855894,112584.80028560708,477.86642857142994,112609.49456360479,113040.72046792334,0,0,1,1
run-20251017-171201,1330,2025-10-15 11:00:00,112398.0,112475.31,112072.86,112266.71,392.07917,112511.74722284716,112555.88298691553,475.6078571428578,112585.60267097851,113026.03867107826,0,0,1,0
run-20251017-171201,1331,2025-10-15 11:30:00,112266.7,112600.0,111693.26,112049.37,563.09904,112419.27177827773,112509.8363517414,498.6650000000009,112560.98561054189,113010.97925728004,0,0,1,1
run-20251017-171201,1332,2025-10-15 12:00:00,112049.36,112100.0,111866.8,111905.73,203.07594,112316.56342262219,112454.91759249217,487.2271428571434,112512.70162664786,112989.64298031105,0,0,1,0
run-20251017-171201,1333,2025-10-15 12:30:00,111905.72,112085.68,111400.0,111469.76,518.76418,112147.20273809777,112365.35781135652,512.1357142857139,112458.53124397599,112966.25689520799,0,0,1,1
run-20251017-171201,1334,2025-10-15 13:00:00,111469.76,111811.84,111408.54,111711.25,486.74045,112060.01219047821,112305.89346486956,507.3528571428573,112396.09519292055,112940.10513074262,0,0,1,1
run-20251017-171201,1335,2025-10-15 13:30:00,111711.25,111711.26,111348.77,111431.55,454.03203,111934.31975238258,112226.40769533596,491.12785714285667,112326.77104890512,112911.47177600898,0,0,1,1
run-20251017-171201,1336,2025-10-15 14:00:00,111431.55,112011.75,110725.4,111389.0,1517.03127,111825.25580190607,112150.2797230327,536.1778571428565,112262.03172949681,112883.2545491877,0,0,1,1
run-20251017-171201,1337,2025-10-15 14:30:00,111389.01,112238.41,111376.39,111918.76,868.54867,111843.95664152486,112129.23247548427,566.0192857142849,112242.51974722101,112865.935721452,0,0,1,1
run-20251017-171201,1338,2025-10-15 15:00:00,111918.77,111938.37,110800.0,111059.76,909.20044,111687.11731321989,112032.00770498569,629.2949999999993,112160.65243101794,112832.54460447069,0,0,1,1
run-20251017-171201,1339,2025-10-15 15:30:00,111059.77,111588.69,110550.0,111188.48,1079.27476,111587.38985057591,111955.32336816881,659.2442857142856,112072.71635020149,112796.54302174808,0,0,1,1
run-20251017-171201,1340,2025-10-15 16:00:00,111188.48,111376.29,110400.0,110798.01,756.90858,111429.51388046074,111850.11306197164,685.2764285714272,111972.21260162776,112756.3188095405,0,0,1,1
run-20251017-171201,1341,2025-10-15 16:30:00,110798.01,111125.18,110616.0,110971.33,460.69957,111337.8771043686,111770.22369270149,676.6899999999981,111893.70455844224,112720.56897791178,0,0,1,1
run-20251017-171201,1342,2025-10-15 17:00:00,110971.33,111041.16,110602.8,110748.0,369.43238,111219.90168349489,111677.29426609226,684.470714285713,111803.57422715104,112680.97759991794,0,0,1,0
run-20251017-171201,1343,2025-10-15 17:30:00,110748.0,110759.06,110164.0,110404.11,869.1707,111056.74334679592,111561.55024190205,702.7271428571413,111689.51074947699,112634.2158034294,0,0,1,1
run-20251017-171201,1344,2025-10-15 18:00:00,110404.11,111186.78,110244.0,111186.78,465.89093,111082.75067743674,111527.48021991094,741.3221428571414,111633.14921549182,112600.92531946259,0,0,1,1
run-20251017-171201,1345,2025-10-15 18:30:00,111186.77,111382.37,110826.21,111213.71,324.92177,111108.9425419494,111498.95565446449,716.2807142857117,111592.20441614605,112571.18360921855,0,0,1,0
run-20251017-171201,1346,2025-10-15 19:00:00,111213.7,111512.41,110992.32,111444.76,237.78307,111176.10603355952,111494.02877678588,736.7728571428545,111570.41431878766,112546.1458119518,0,0,1,0
run-20251017-171201,1347,2025-10-15 19:30:00,111444.76,111557.7,111100.0,111496.02,272.47218,111240.08882684763,111494.20979707807,720.4885714285691,111554.51446344068,112522.69024625883,0,0,1,0
run-20251017-171201,1348,2025-10-15 20:00:00,111496.02,111539.4,111099.33,111271.73,317.37719,111246.41706147812,111473.98436098006,723.1149999999969,111534.06139435642,112498.256971414,0,0,1,0
run-20251017-171201,1349,2025-10-15 20:30:00,111271.73,111556.27,111036.0,111060.54,234.57672,111209.24164918251,111436.39850998187,734.3849999999978,111510.97505876578,112473.27182606782,0,0,1,0
run-20251017-171201,1350,2025-10-15 21:00:00,111060.53,111434.61,110515.84,111109.76,618.18815,111189.34531934602,111406.7040999835,708.1292857142835,111486.51363171727,112447.94283369502,0,0,1,1
run-20251017-171201,1351,2025-10-15 21:30:00,111109.77,111157.55,110500.0,110976.22,382.32774,111146.72025547683,111367.56918180318,693.5242857142833,111441.03366003583,112417.16857199467,0,0,1,0
run-20251017-171201,1352,2025-10-15 22:00:00,110976.22,111424.69,110700.0,110854.19,397.03581,111088.21420438147,111320.8983470938,663.9757142857125,111405.5347473072,112388.73596395043,0,0,1,1
run-20251017-171201,1353,2025-10-15 22:30:00,110854.2,111395.82,110812.01,111167.75,223.1255,111104.12136350518,111306.97577008526,631.4842857142846,111383.37585862537,112363.54552086338,0,0,1,0
run-20251017-171201,1354,2025-10-15 23:00:00,111167.75,111307.82,110667.97,110667.97,199.6144,111016.89109080414,111248.88433644114,607.4528571428569,111348.58333585525,112335.25667660976,0,0,1,0
run-20251017-171201,1355,2025-10-15 23:30:00,110667.97,110951.09,110590.1,110880.0,181.83038,110989.51287264332,111215.34939676468,596.8678571428567,111311.61263721203,112306.19473603187,0,0,1,0
run-20251017-171201,1356,2025-10-16 00:00:00,110880.0,111006.0,110638.1,110763.28,173.70504,110944.26629811466,111174.25217887698,591.8349999999991,111276.18282273975,112277.40324055342,0,0,1,0
run-20251017-171201,1357,2025-10-16 00:30:00,110763.28,110856.11,110502.26,110784.75,321.42392,110912.36303849173,111138.84288988817,574.605714285714,111229.55034117577,112245.53400186026,0,0,1,0
run-20251017-171201,1358,2025-10-16 01:00:00,110784.75,110784.75,110361.0,110431.27,432.46538,110816.1444307934,111074.51808171651,537.5321428571426,111165.78577822493,112208.986075782,0,0,1,1
run-20251017-171201,1359,2025-10-16 01:30:00,110431.27,111109.65,110417.32,110893.3,471.42191,110831.57554463473,111058.04371065137,547.2585714285711,111149.04275798466,112184.03411170623,0,0,1,1
run-20251017-171201,1360,2025-10-16 02:00:00,110893.29,111330.0,110808.94,111299.99,304.94576,110925.2584357078,111080.03882786488,547.3278571428569,111150.15559474094,112163.78495328529,0,0,1,0
run-20251017-171201,1361,2025-10-16 02:30:00,111300.0,111562.24,111014.12,111400.0,384.69078,111020.20674856624,111109.12620714988,553.7864285714293,111167.32562205805,112148.12713286925,0,0,1,0
run-20251017-171201,1362,2025-10-16 03:00:00,111400.01,111550.0,111279.34,111510.43,159.7189,111118.251398853,111145.60837013625,541.6857142857158,111187.45473224198,112133.86476891056,0,0,1,0
run-20251017-171201,1363,2025-10-16 03:30:00,111510.43,111867.17,111401.55,111730.04,357.16117,111240.60911908241,111198.73851830568,537.7821428571436,111220.2448643264,112123.533298523,1,0,1,0
run-20251017-171201,1364,2025-10-16 04:00:00,111730.03,111730.04,111271.49,111329.48,283.59686,111258.38329526593,111210.62410755061,504.90928571428543,111237.489203863,112110.12243892005,0,0,1,0
run-20251017-171201,1365,2025-10-16 04:30:00,111329.48,111675.21,111305.64,111550.57,203.40702,111316.82063621275,111241.52827959145,484.3392857142857,111263.20018395812,112099.4705032963,0,0,1,0
run-20251017-171201,1366,2025-10-16 05:00:00,111550.57,111584.99,110800.88,110966.03,370.15167,111246.66250897021,111216.48298144677,488.5835714285713,111241.56709791753,112077.34498604086,0,0,1,0
run-20251017-171201,1367,2025-10-16 05:30:00,110966.03,111169.95,110907.28,111054.72,310.86742,111208.27400717618,111201.7772558607,465.6449999999989,111229.51997004998,112057.7021269821,0,0,1,0
run-20251017-171201,1368,2025-10-16 06:00:00,111054.72,111485.03,110750.0,110951.14,520.19568,111156.84720574095,111178.99205078244,472.4435714285698,111223.51968784699,112039.81842505428,0,0,1,1
run-20251017-171201,1369,2025-10-16 06:30:00,110951.13,111319.99,110922.17,111316.46,261.10922,111188.76976459277,111191.48913707494,475.0742857142853,111216.42435621707,112021.771179688,0,0,1,0
run-20251017-171201,1370,2025-10-16 07:00:00,111316.45,111716.86,111303.92,111666.83,315.36909,111284.38181167422,111234.7019427954,478.2914285714287,111239.0659051431,112011.60746087536,1,0,1,0
run-20251017-171201,1371,2025-10-16 07:30:00,111666.83,111773.7,110731.39,110771.28,507.8933,111181.76144933939,111192.57267526853,527.4671428571424,111226.88221385951,111993.26621762147,0,0,1,1
run-20251017-171201,1372,2025-10-16 08:00:00,110771.28,110947.62,110553.19,110584.2,608.1492,111062.24915947151,111137.26606842593,525.3728571428562,111189.75161686918,111968.57729373104,0,0,1,1
run-20251017-171201,1373,2025-10-16 08:30:00,110584.21,110750.0,110405.0,110551.89,487.37738,110960.17732757721,111084.05006220538,500.5635714285714,111144.62684048555,111941.55038709546,0,0,1,1
run-20251017-171201,1374,2025-10-16 09:00:00,110551.9,110893.91,110506.88,110817.5,411.1289,110931.64186206178,111059.81823836852,490.99000000000007,111115.79932487728,111918.33201849874,0,0,1,1
run-20251017-171201,1375,2025-10-16 09:30:00,110817.5,110968.61,110680.1,110680.1,372.61109,110881.33348964943,111025.29839851682,472.44642857142753,111088.37204883904,111895.40159363799,0,0,1,0
run-20251017-171201,1376,2025-10-16 10:00:00,110680.1,111633.14,109635.15,111146.31,2226.7786,110934.32879171956,111036.29945319712,595.8271428571419,111095.98035727126,111881.39291427584,0,0,1,1
run-20251017-171201,1377,2025-10-16 10:30:00,111146.31,111728.7,111021.02,111353.56,618.50008,111018.17503337565,111065.14132108827,613.1171428571417,111116.62564314043,111871.16042321322,0,0,1,1
run-20251017-171201,1378,2025-10-16 11:00:00,111353.56,111645.87,111250.0,111469.63,403.02169,111108.46602670054,111101.91301917114,608.6399999999994,111142.54824651296,111862.8902437976,1,0,1,1
run-20251017-171201,1379,2025-10-16 11:30:00,111469.63,111567.85,111084.35,111112.14,394.38145,111109.20082136044,111102.84274470103,616.7778571428561,111151.92106877263,111851.08623312863,0,0,1,1
run-20251017-171201,1380,2025-10-16 12:00:00,111112.14,111432.92,111001.44,111404.72,368.31889,111168.30465708836,111130.28613154638,591.5899999999986,111161.8403637536,111839.75860048333,0,0,1,0
run-20251017-171201,1381,2025-10-16 12:30:00,111404.73,111982.45,111344.26,111419.94,538.30419,111218.6317256707,111156.61830140579,618.4128571428561,111186.02778676369,111832.58062666123,0,0,1,1
run-20251017-171201,1382,2025-10-16 13:00:00,111419.94,111679.34,111332.18,111519.07,387.11187,111278.71938053657,111189.56845582345,590.7078571428564,111211.90031373306,111826.44160779218,0,0,1,0
run-20251017-171201,1383,2025-10-16 13:30:00,111519.08,111548.0,110846.49,111141.36,427.23575,111251.24750442925,111185.1858689304,612.3999999999984,111212.48960141218,111814.44822925619,0,0,1,1
run-20251017-171201,1384,2025-10-16 14:00:00,111141.36,111499.5,110684.32,110860.0,817.91938,111172.99800354341,111155.62351720946,641.1314285714262,111201.5326462863,111799.77058010381,0,0,1,1
run-20251017-171201,1385,2025-10-16 14:30:00,110860.0,110936.0,109728.0,110343.41,1337.06516,111007.08040283473,111081.78592473586,652.9664285714264,111151.58879036273,111775.12634099877,0,0,1,1
run-20251017-171201,1386,2025-10-16 15:00:00,110343.42,111420.02,110343.42,110529.34,881.66484,110911.5323222678,111031.56356794169,701.6935714285698,111134.73831051937,111758.5622358331,0,0,1,1
run-20251017-171201,1387,2025-10-16 15:30:00,110529.35,110727.35,109890.0,110044.97,665.42119,110738.21985781426,110941.87324358335,736.8614285714274,111071.4005088647,111729.97958320903,0,0,1,1
run-20251017-171201,1388,2025-10-16 16:00:00,110044.97,110181.34,108361.69,108549.21,3198.08931,110300.41788625141,110724.35840325759,839.1914285714271,110903.51427980936,111673.80764076785,0,0,1,1
run-20251017-171201,1389,2025-10-16 16:30:00,108549.21,108820.0,107908.46,108133.98,1809.23951,109867.13030900114,110488.8694575069,883.6935714285698,110706.75240516043,111607.94872904256,0,0,1,1
run-20251017-171201,1390,2025-10-16 17:00:00,108133.97,109254.0,107577.57,109232.43,1848.87908,109740.19024720092,110374.64768864264,860.7249999999975,110500.84292379477,111537.09426842935,0,0,1,1
run-20251017-171201,1391,2025-10-16 17:30:00,109232.43,109244.91,108333.07,108817.74,1049.65845,109555.70019776074,110233.11062603876,875.3078571428549,110387.63877740533,111487.47503091684,0,0,1,1
run-20251017-171201,1392,2025-10-16 18:00:00,108817.73,108941.95,108227.54,108276.7,492.84183,109299.90015820859,110055.2551145807,898.0607142857126,110247.9769721454,111429.82045244768,0,0,1,1
run-20251017-171201,1393,2025-10-16 18:30:00,108276.69,108305.78,107680.0,107865.79,708.13884,109013.07812656688,109856.21283143699,908.2235714285697,110065.98271823188,111359.55597825254,0,0,1,1
run-20251017-171201,1394,2025-10-16 19:00:00,107865.78,108656.3,107827.95,108656.19,520.21451,108941.70050125351,109747.11984676089,936.5714285714275,109950.11861071693,111304.0747579213,0,0,1,1
run-20251017-171201,1395,2025-10-16 19:30:00,108656.19,108751.02,107700.0,107925.43,1193.1812,108738.4464010028,109581.51167887353,966.0592857142848,109799.34074753225,111238.45568150397,0,0,1,1
run-20251017-171201,1396,2025-10-16 20:00:00,107925.43,108550.0,107685.4,108197.66,633.1155,108630.28912080225,109455.70698079412,1003.0192857142849,109667.98057471162,111176.09907634066,0,0,1,1
run-20251017-171201,1397,2025-10-16 20:30:00,108197.67,108424.11,107800.55,107973.06,374.22249,108498.8432966418,109320.92089163102,997.451428571428,109541.6795770406,111113.72712908508,0,0,1,0
run-20251017-171201,1398,2025-10-16 21:00:00,107973.06,108041.67,107427.0,107838.01,566.82037,108366.67663731345,109186.11081057365,983.1292857142855,109409.1095518933,111048.45284321919,0,0,1,1
run-20251017-171201,1399,2025-10-16 21:30:00,107838.0,108210.0,107592.0,108107.99,324.15676,108314.93930985076,109088.09982779421,940.9864285714284,109309.92774859509,110990.45367897637,0,0,1,0
run-20251017-171201,1400,2025-10-16 22:00:00,108107.99,108463.31,108107.99,108443.7,166.68506,108340.69144788061,109029.51802526748,889.4657142857135,109237.2893750007,110938.4472731156,0,0,1,0
run-20251017-171201,1401,2025-10-16 22:30:00,108443.71,108500.0,107965.88,107970.39,241.78435,108266.63115830449,108933.23365933407,867.8064285714271,109144.56845420098,110880.90297820972,0,0,1,0
run-20251017-171201,1402,2025-10-16 23:00:00,107970.38,108064.55,107783.76,107798.85,209.3291,108173.0749266436,108830.1078721219,757.8878571428567,109046.14969570804,110821.19626593607,0,0,1,0
run-20251017-171201,1403,2025-10-16 23:30:00,107798.85,108420.73,107736.56,108313.68,223.11986,108201.19594131489,108783.15988374717,741.6471428571427,108977.33846958671,110768.27831655985,0,0,1,0
run-20251017-171201,1404,2025-10-17 00:00:00,108313.68,108313.68,107978.14,108194.28,148.28856,108199.81275305191,108729.62534886107,645.8692857142856,108910.8417014524,110715.66612742475,0,0,1,0
run-20251017-171201,1405,2025-10-17 00:30:00,108194.27,108500.0,107934.4,108499.99,299.5762,108259.84820244154,108708.7494080555,621.1378571428577,108869.58476170212,110669.26539818686,0,0,1,0
run-20251017-171201,1406,2025-10-17 01:00:00,108499.99,108849.19,108312.71,108800.0,357.46002,108367.87856195324,108717.04491641409,608.4285714285714,108859.47619102146,110631.00714322909,0,0,1,0
run-20251017-171201,1407,2025-10-17 01:30:00,108799.99,109115.08,108750.0,108824.04,393.71325,108459.11084956261,108726.77174219461,589.807142857143,108862.64456541427,110596.76733395252,0,0,1,0
run-20251017-171201,1408,2025-10-17 02:00:00,108824.03,108908.24,108506.79,108839.84,269.51041,108535.2566796501,108737.05067472238,559.3142857142864,108855.36559075727,110560.53287027188,0,0,1,0
run-20251017-171201,1409,2025-10-17 02:30:00,108839.84,108844.37,108390.21,108425.56,250.17026,108513.31734372009,108708.73334065672,516.6814285714281,108825.22656801545,110519.01813607676,0,0,1,0
run-20251017-171201,1410,2025-10-17 03:00:00,108425.56,109082.8,108399.12,108972.97,309.54125,108605.24787497608,108732.75485514247,503.7585714285711,108827.53988074015,110486.0385992123,0,0,1,0
run-20251017-171201,1411,2025-10-17 03:30:00,108972.98,109100.0,108911.51,109037.76,262.365,108691.75029998086,108760.48259558406,472.68214285714305,108844.07104715767,110457.45637750073,0,0,1,0
run-20251017-171201,1412,2025-10-17 04:00:00,109037.76,109240.0,108910.45,109176.74,275.5567,108788.74823998469,108798.3241778037,452.3164285714291,108859.61790243199,110429.4729978319,0,0,1,0
run-20251017-171201,1413,2025-10-17 04:30:00,109176.74,109236.01,108916.0,108966.35,207.88977,108824.26859198777,108813.59925254881,431.03142857142876,108872.63787148759,110401.75937989508,1,0,1,0
run-20251017-171201,1414,2025-10-17 05:00:00,108966.35,109066.97,108786.0,108787.26,279.98289,108816.86687359023,108811.20477504437,425.7207142857151,108870.71477487186,110371.00355939766,0,0,1,0
run-20251017-171201,1415,2025-10-17 05:30:00,108787.26,108926.06,108728.02,108832.1,264.02978,108819.91349887219,108813.10434094943,401.71500000000066,108867.0534080997,110340.3500085569,0,0,1,0
run-20251017-171201,1416,2025-10-17 06:00:00,108832.1,108866.82,108299.12,108381.76,536.42769,108732.28279909775,108773.89121904493,422.2085714285723,108836.20451858801,110303.25787502443,0,0,1,1
run-20251017-171201,1417,2025-10-17 06:30:00,108381.75,108519.49,107758.83,107820.02,619.36184,108549.8302392782,108687.17565367722,427.67214285714414,108777.26375591305,110259.10537087801,0,0,1,1
run-20251017-171201,1418,2025-10-17 07:00:00,107820.02,107882.0,106639.79,106741.28,2221.12982,108188.12019142258,108510.27604879747,492.4342857142879,108631.21139482786,110192.19292473307,0,0,1,1
run-20251017-171201,1419,2025-10-17 07:30:00,106741.28,106901.85,106156.46,106297.6,1775.63533,107810.01615313807,108309.12368072498,505.2764285714303,108449.80430564463,110114.55974981694,0,0,1,1
run-20251017-171201,1420,2025-10-17 08:00:00,106297.61,106322.33,105542.09,105633.75,2115.61821,107374.76292251046,108065.90789156816,522.6878571428596,108238.01467814409,110027.07409946539,0,0,1,1
run-20251017-171201,1421,2025-10-17 08:30:00,105633.75,105669.43,104505.0,105173.59,3076.10961,106934.52833800839,107802.9699014256,579.7842857142875,108001.34795933256,109930.69795829136,0,0,1,1
run-20251017-171201,1422,2025-10-17 09:00:00,105173.59,105716.15,104741.23,104884.38,1556.87375,106524.49867040671,107537.64354675055,620.7464285714294,107769.0442869502,109832.7005417266,0,0,1,1
run-20251017-171201,1423,2025-10-17 09:30:00,104884.38,105313.24,104806.95,105103.88,889.87736,106240.37493632537,107316.39231522777,624.4700000000022,107569.38950902247,109740.44310618339,0,0,1,1
run-20251017-171201,1424,2025-10-17 10:00:00,105103.89,105626.67,104520.7,104531.35,1144.73156,105898.56994906031,107063.20665020707,654.6335714285732,107356.3496928731,109642.6724038506,0,0,1,1
run-20251017-171201,1425,2025-10-17 10:30:00,104530.0,104839.49,103528.23,104014.6,2184.33011,105521.77595924826,106786.06059109732,734.8314285714306,107122.91198484751,109537.37801848687,0,0,1,1
run-20251017-171201,1426,2025-10-17 11:00:00,104014.6,104926.19,103958.95,104751.99,1435.95442,105367.81876739861,106601.14508281575,780.3807142857165,106927.73425437097,109439.25541521495,0,0,1,1
run-20251017-171201,1427,2025-10-17 11:30:00,104751.99,106651.22,104674.0,106257.17,2496.02882,105545.68901391889,106569.87462074158,898.7528571428599,106859.54989801795,109371.89931036183,0,0,1,1
run-20251017-171201,1428,2025-10-17 12:00:00,106257.17,106319.16,105458.0,105683.72,1124.42759,105573.29521113512,106489.31510976508,940.1950000000028,106776.08325457176,109300.68423627234,0,0,1,1
run-20251017-171201,1429,2025-10-17 12:30:00,105683.71,106070.14,105500.96,105600.74,809.08227,105578.7841689081,106408.5355543319,966.7050000000028,106691.61073211335,109228.96341824759,0,0,1,1
run-20251017-171201,1430,2025-10-17 13:00:00,105600.74,105800.0,105227.45,105350.4,575.30349,105533.10733512648,106312.341413029,967.0514285714307,106599.3066850458,109154.99273894266,0,0,1,1
run-20251017-171201,1431,2025-10-17 13:30:00,105350.4,105626.67,104876.19,105505.06,830.96625,105527.49786810119,106238.95219366273,966.3242857142874,106493.00262621876,109076.92373789928,0,0,1,1
run-20251017-171201,1432,2025-10-17 14:00:00,105505.4,106166.0,104966.0,105835.63,1509.38648,105589.12429448096,106202.28653969339,963.3092857142868,106423.27844119618,109007.7274043848,0,0,1,1
run-20251017-171201,1433,2025-10-17 14:30:00,105835.62,105989.01,104982.03,105066.2,785.20799,105484.53943558478,106099.00594517581,981.9942857142867,106332.24289016226,108933.16061882237,0,0,1,1
run-20251017-171201,1434,2025-10-17 15:00:00,105066.2,105768.26,104533.21,105163.42,1109.23972,105420.31554846783,106013.95267743256,1014.480714285714,106243.9862665435,108858.93724823606,0,0,1,1
run-20251017-171201,1435,2025-10-17 15:30:00,105163.41,106226.56,105087.29,106091.31,1128.71698,105554.51443877428,106020.98516130233,1012.6835714285719,106209.27956400267,108798.12918213401,0,0,1,1
run-20251017-171201,1436,2025-10-17 16:00:00,106091.31,106852.14,105655.31,106803.53,1099.43995,105804.31755101943,106092.12560118394,1028.5342857142864,106229.0244725761,108751.84849785127,0,0,1,1
run-20251017-171201,1437,2025-10-17 16:30:00,106803.52,107575.6,106669.56,106792.6,1257.91572,106001.97404081555,106155.8050919854,1057.087857142858,106279.1206761458,108714.82016493176,0,0,1,1
run-20251017-171201,1438,2025-10-17 17:00:00,106792.6,106904.0,106447.7,106474.43,533.40574,106096.46523265244,106184.770992714,1010.682857142858,106299.22067798005,108671.78583677293,0,0,1,1
run-20251017-171201,1439,2025-10-17 17:30:00,106372.34,106430.0,106357.04,106357.04,15.77877,106148.58018612195,106200.43181155818,925.4064285714287,106301.48810237298,108648.75353988963,0,0,1,0
