{
  "best_score": -537.7867931305913,
  "best_cfg": {
    "ticker": "BTCUSDT",
    "interval": "15m",
    "days": 365,
    "lot_size": 0.001,
    "fee_rate": 0.001,
    "min_hold_bars": 6,
    "cooldown_bars": 0,
    "allow_short": false,
    "ma_short_window": 17,
    "ma_mid_window": 89,
    "ma_long_window": 213,
    "ma_type": "ema"
  },
  "best_stats": {
    "pnl": 64.88484300999991,
    "num_trades": 259,
    "win_rate": 41.6988416988417,
    "return_pct": 64.88484300999991,
    "profit_factor": 2.4442553329060073,
    "avg_pnl_per_trade": 0.25052062938223907,
    "max_drawdown_pct": -8.467163614059121,
    "fee_rate": 0.001
  }
}